{
  "summary": {
    "valence_accuracy": {
      "mean": 0.5966386554621849,
      "std": 0.0,
      "per_fold": [
        0.5966386554621849,
        0.5966386554621849
      ]
    },
    "arousal_accuracy": {
      "mean": 0.4453781512605042,
      "std": 0.042016806722689065,
      "per_fold": [
        0.48739495798319327,
        0.40336134453781514
      ]
    }
  },
  "raw_data": {
    "folds": [
      {
        "fold": 0,
        "best_valence": 0.5966386554621849,
        "best_arousal": 0.48739495798319327,
        "n_epochs": 4
      },
      {
        "fold": 1,
        "best_valence": 0.5966386554621849,
        "best_arousal": 0.40336134453781514,
        "n_epochs": 4
      }
    ],
    "collected_accuracies": {
      "valence": [
        0.5966386554621849,
        0.5966386554621849
      ],
      "arousal": [
        0.48739495798319327,
        0.40336134453781514
      ]
    }
  }
}