{
  "fold": 4,
  "train_time": 466.62330532073975,
  "best_state_acc": 0.7473684210526316,
  "best_epoch": 9,
  "state_class_metrics": {
    "precision": [
      0.75,
      0.9047619047619048,
      0.2222222222222222,
      0.6470588235294118
    ],
    "recall": [
      0.9473684210526315,
      1.0,
      0.10526315789473684,
      0.5789473684210527
    ],
    "f1-score": [
      0.8372093023255814,
      0.95,
      0.14285714285714285,
      0.6111111111111112
    ],
    "support": [
      38,
      19,
      19,
      19
    ],
    "macro_avg": {
      "precision": 0.6310107376283847,
      "recall": 0.6578947368421052,
      "f1-score": 0.6352943890734588,
      "support": 95
    }
  },
  "epochs": [
    {
      "epoch": 0,
      "train_loss": 1.3878909001747768,
      "val_loss": 1.3333361801348234,
      "learning_rate": 0.0001,
      "state_train_acc": 0.3721955132981141,
      "state_val_acc": 0.4,
      "state_val_confusion": [
        [
          38,
          0,
          0,
          0
        ],
        [
          19,
          0,
          0,
          0
        ],
        [
          19,
          0,
          0,
          0
        ],
        [
          19,
          0,
          0,
          0
        ]
      ]
    },
    {
      "epoch": 1,
      "train_loss": 1.3538598914941151,
      "val_loss": 1.329994931973909,
      "learning_rate": 0.0001,
      "state_train_acc": 0.4008413466314475,
      "state_val_acc": 0.4,
      "state_val_confusion": [
        [
          38,
          0,
          0,
          0
        ],
        [
          19,
          0,
          0,
          0
        ],
        [
          19,
          0,
          0,
          0
        ],
        [
          19,
          0,
          0,
          0
        ]
      ]
    },
    {
      "epoch": 2,
      "train_loss": 1.3597406148910522,
      "val_loss": 1.3448555883608366,
      "learning_rate": 0.0001,
      "state_train_acc": 0.3890224372347196,
      "state_val_acc": 0.4,
      "state_val_confusion": [
        [
          38,
          0,
          0,
          0
        ],
        [
          19,
          0,
          0,
          0
        ],
        [
          19,
          0,
          0,
          0
        ],
        [
          19,
          0,
          0,
          0
        ]
      ]
    },
    {
      "epoch": 3,
      "train_loss": 1.3429052432378132,
      "val_loss": 1.3226031290857416,
      "learning_rate": 0.0001,
      "state_train_acc": 0.37680288528402645,
      "state_val_acc": 0.4,
      "state_val_confusion": [
        [
          38,
          0,
          0,
          0
        ],
        [
          19,
          0,
          0,
          0
        ],
        [
          19,
          0,
          0,
          0
        ],
        [
          19,
          0,
          0,
          0
        ]
      ]
    },
    {
      "epoch": 4,
      "train_loss": 1.32179061571757,
      "val_loss": 1.2775543827759592,
      "learning_rate": 0.0001,
      "state_train_acc": 0.4046474372347196,
      "state_val_acc": 0.4631578947368421,
      "state_val_confusion": [
        [
          31,
          0,
          0,
          7
        ],
        [
          19,
          0,
          0,
          0
        ],
        [
          9,
          0,
          0,
          10
        ],
        [
          6,
          0,
          0,
          13
        ]
      ]
    },
    {
      "epoch": 5,
      "train_loss": 1.2144870609045029,
      "val_loss": 1.0667865288885017,
      "learning_rate": 0.0001,
      "state_train_acc": 0.4605368599295616,
      "state_val_acc": 0.6526315789473685,
      "state_val_confusion": [
        [
          34,
          3,
          0,
          1
        ],
        [
          1,
          18,
          0,
          0
        ],
        [
          16,
          1,
          0,
          2
        ],
        [
          8,
          1,
          0,
          10
        ]
      ]
    },
    {
      "epoch": 6,
      "train_loss": 1.0007990350325902,
      "val_loss": 0.818302309513092,
      "learning_rate": 0.0001,
      "state_train_acc": 0.6023637826244036,
      "state_val_acc": 0.7157894736842105,
      "state_val_confusion": [
        [
          32,
          1,
          0,
          5
        ],
        [
          0,
          19,
          0,
          0
        ],
        [
          10,
          1,
          0,
          8
        ],
        [
          1,
          1,
          0,
          17
        ]
      ]
    },
    {
      "epoch": 7,
      "train_loss": 0.7431523849566778,
      "val_loss": 0.7094606631680539,
      "learning_rate": 0.0001,
      "state_train_acc": 0.707932693262895,
      "state_val_acc": 0.7052631578947368,
      "state_val_confusion": [
        [
          34,
          1,
          3,
          0
        ],
        [
          0,
          19,
          0,
          0
        ],
        [
          10,
          1,
          3,
          5
        ],
        [
          1,
          1,
          6,
          11
        ]
      ]
    },
    {
      "epoch": 8,
      "train_loss": 0.6384098368386427,
      "val_loss": 0.6777389218932703,
      "learning_rate": 0.0001,
      "state_train_acc": 0.7455929492910703,
      "state_val_acc": 0.7157894736842105,
      "state_val_confusion": [
        [
          37,
          1,
          0,
          0
        ],
        [
          0,
          19,
          0,
          0
        ],
        [
          12,
          0,
          0,
          7
        ],
        [
          4,
          1,
          2,
          12
        ]
      ]
    },
    {
      "epoch": 9,
      "train_loss": 0.6129683355490366,
      "val_loss": 0.6602765629166051,
      "learning_rate": 1e-05,
      "state_train_acc": 0.7435897439718246,
      "state_val_acc": 0.7473684210526316,
      "state_val_confusion": [
        [
          37,
          1,
          0,
          0
        ],
        [
          0,
          19,
          0,
          0
        ],
        [
          12,
          0,
          0,
          7
        ],
        [
          1,
          1,
          2,
          15
        ]
      ]
    },
    {
      "epoch": 10,
      "train_loss": 0.5768740444133679,
      "val_loss": 0.6586753418571071,
      "learning_rate": 1e-05,
      "state_train_acc": 0.748798077305158,
      "state_val_acc": 0.7157894736842105,
      "state_val_confusion": [
        [
          37,
          1,
          0,
          0
        ],
        [
          0,
          19,
          0,
          0
        ],
        [
          12,
          0,
          1,
          6
        ],
        [
          1,
          1,
          6,
          11
        ]
      ]
    },
    {
      "epoch": 11,
      "train_loss": 0.5798814333975315,
      "val_loss": 0.6546675211504887,
      "learning_rate": 1e-05,
      "state_train_acc": 0.7467948744694392,
      "state_val_acc": 0.7157894736842105,
      "state_val_confusion": [
        [
          37,
          1,
          0,
          0
        ],
        [
          0,
          19,
          0,
          0
        ],
        [
          12,
          0,
          1,
          6
        ],
        [
          1,
          1,
          6,
          11
        ]
      ]
    },
    {
      "epoch": 12,
      "train_loss": 0.5766998616357645,
      "val_loss": 0.6529847759949533,
      "learning_rate": 1e-05,
      "state_train_acc": 0.7455929492910703,
      "state_val_acc": 0.7157894736842105,
      "state_val_confusion": [
        [
          36,
          1,
          1,
          0
        ],
        [
          0,
          19,
          0,
          0
        ],
        [
          12,
          0,
          1,
          6
        ],
        [
          1,
          1,
          5,
          12
        ]
      ]
    },
    {
      "epoch": 13,
      "train_loss": 0.5732742870847384,