{
  "fold": 1,
  "train_time": 525.5753469467163,
  "best_state_acc": 0.7684210526315789,
  "best_epoch": 10,
  "state_class_metrics": {
    "precision": [
      0.7804878048780488,
      1.0,
      0.5,
      0.7647058823529411
    ],
    "recall": [
      0.8421052631578947,
      1.0,
      0.47368421052631576,
      0.6842105263157895
    ],
    "f1-score": [
      0.810126582278481,
      1.0,
      0.4864864864864865,
      0.7222222222222222
    ],
    "support": [
      38,
      19,
      19,
      19
    ],
    "macro_avg": {
      "precision": 0.7612984218077474,
      "recall": 0.75,
      "f1-score": 0.7547088227467974,
      "support": 95
    }
  },
  "epochs": [
    {
      "epoch": 0,
      "train_loss": 1.3878742506106694,
      "val_loss": 1.3709874466845864,
      "learning_rate": 0.0001,
      "state_train_acc": 0.32992788528402645,
      "state_val_acc": 0.4,
      "state_val_confusion": [
        [
          38,
          0,
          0,
          0
        ],
        [
          19,
          0,
          0,
          0
        ],
        [
          19,
          0,
          0,
          0
        ],
        [
          19,
          0,
          0,
          0
        ]
      ]
    },
    {
      "epoch": 1,
      "train_loss": 1.3865648607412975,
      "val_loss": 1.3371330374165584,
      "learning_rate": 0.0001,
      "state_train_acc": 0.3936298079788685,
      "state_val_acc": 0.4,
      "state_val_confusion": [
        [
          38,
          0,
          0,
          0
        ],
        [
          19,
          0,
          0,
          0
        ],
        [
          19,
          0,
          0,
          0
        ],
        [
          19,
          0,
          0,
          0
        ]
      ]
    },
    {
      "epoch": 2,
      "train_loss": 1.3582068085670471,
      "val_loss": 1.3363887033964459,
      "learning_rate": 0.0001,
      "state_train_acc": 0.3780048079788685,
      "state_val_acc": 0.42105263157894735,
      "state_val_confusion": [
        [
          38,
          0,
          0,
          0
        ],
        [
          19,
          0,
          0,
          0
        ],
        [
          19,
          0,
          0,
          0
        ],
        [
          17,
          0,
          0,
          2
        ]
      ]
    },
    {
      "epoch": 3,
      "train_loss": 1.3359010517597198,
      "val_loss": 1.3119632482528687,
      "learning_rate": 0.0001,
      "state_train_acc": 0.3852163466314475,
      "state_val_acc": 0.4,
      "state_val_confusion": [
        [
          38,
          0,
          0,
          0
        ],
        [
          19,
          0,
          0,
          0
        ],
        [
          19,
          0,
          0,
          0
        ],
        [
          19,
          0,
          0,
          0
        ]
      ]
    },
    {
      "epoch": 4,
      "train_loss": 1.3138929307460785,
      "val_loss": 1.2320472955703736,
      "learning_rate": 0.0001,
      "state_train_acc": 0.38641827056805295,
      "state_val_acc": 0.35789473684210527,
      "state_val_confusion": [
        [
          23,
          0,
          15,
          0
        ],
        [
          12,
          0,
          7,
          0
        ],
        [
          8,
          0,
          11,
          0
        ],
        [
          6,
          0,
          13,
          0
        ]
      ]
    },
    {
      "epoch": 5,
      "train_loss": 1.1326793531576793,
      "val_loss": 0.8895233217038606,
      "learning_rate": 0.0001,
      "state_train_acc": 0.49579327056805295,
      "state_val_acc": 0.6631578947368421,
      "state_val_confusion": [
        [
          34,
          0,
          0,
          4
        ],
        [
          8,
          11,
          0,
          0
        ],
        [
          14,
          0,
          2,
          3
        ],
        [
          1,
          0,
          2,
          16
        ]
      ]
    },
    {
      "epoch": 6,
      "train_loss": 0.8320442785819372,
      "val_loss": 0.6537629899225736,
      "learning_rate": 0.0001,
      "state_train_acc": 0.6850961546103159,
      "state_val_acc": 0.7263157894736842,
      "state_val_confusion": [
        [
          29,
          0,
          9,
          0
        ],
        [
          0,
          19,
          0,
          0
        ],
        [
          10,
          0,
          5,
          4
        ],
        [
          0,
          0,
          3,
          16
        ]
      ]
    },
    {
      "epoch": 7,
      "train_loss": 0.6898573425908884,
      "val_loss": 0.723569413235313,
      "learning_rate": 0.0001,
      "state_train_acc": 0.7203525652488073,
      "state_val_acc": 0.7052631578947368,
      "state_val_confusion": [
        [
          37,
          1,
          0,
          0
        ],
        [
          0,
          19,
          0,
          0
        ],
        [
          18,
          0,
          1,
          0
        ],
        [
          8,
          0,
          1,
          10
        ]
      ]
    },
    {
      "epoch": 8,
      "train_loss": 0.6197774323324362,
      "val_loss": 0.5750954885231822,
      "learning_rate": 0.0001,
      "state_train_acc": 0.7405849372347196,
      "state_val_acc": 0.7157894736842105,
      "state_val_confusion": [
        [
          37,
          0,
          1,
          0
        ],
        [
          0,
          19,
          0,
          0
        ],
        [
          14,
          0,
          3,
          2
        ],
        [
          0,
          0,
          10,
          9
        ]
      ]
    },
    {
      "epoch": 9,
      "train_loss": 0.6136832237243652,
      "val_loss": 0.636590207877912,
      "learning_rate": 0.0001,
      "state_train_acc": 0.7435897439718246,
      "state_val_acc": 0.7368421052631579,
      "state_val_confusion": [
        [
          38,
          0,
          0,
          0
        ],
        [
          0,
          19,
          0,
          0
        ],
        [
          14,
          0,
          5,
          0
        ],
        [
          2,
          0,
          9,
          8
        ]
      ]
    },
    {
      "epoch": 10,
      "train_loss": 0.5933313605686029,
      "val_loss": 0.5196145139242473,
      "learning_rate": 0.0001,
      "state_train_acc": 0.7265625,
      "state_val_acc": 0.7684210526315789,
      "state_val_confusion": [
        [
          37,
          0,
          0,
          1
        ],
        [
          0,
          19,
          0,
          0
        ],
        [
          14,
          0,
          0,
          5
        ],
        [
          2,
          0,
          0,
          17
        ]
      ]
    },
    {
      "epoch": 11,
      "train_loss": 0.5812565684318542,
      "val_loss": 0.5282949253132468,
      "learning_rate": 0.0001,
      "state_train_acc": 0.7249599372347196,
      "state_val_acc": 0.7473684210526316,
      "state_val_confusion": [
        [
          37,
          0,
          1,
          0
        ],
        [
          0,
          19,
          0,
          0
        ],
        [
          14,
          0,
          0,
          5
        ],
        [
          2,
          0,
          2,
          15
        ]
      ]
    },
    {
      "epoch": 12,
      "train_loss": 0.5330469335118929,
      "val_loss": 0.5355792647913883,
      "learning_rate": 0.0001,
      "state_train_acc": 0.7443910265962282,
      "state_val_acc": 0.7157894736842105,
      "state_val_confusion": [
        [
          37,
          0,
          1,
          0
        ],
        [
          0,
          19,
          0,
          0
        ],
        [
          14,
          0,
          4,
          1
        ],
        [
          2,
          0,
          9,
          8
        ]
      ]
    },
    {
      "epoch": 13,
      "train_loss": 0.5594796358297268,
      "val_loss": 0.533658872780047,