{
  "fold": 3,
  "train_time": 357.6794173717499,
  "best_state_acc": 0.7789473684210526,
  "best_epoch": 15,
  "state_class_metrics": {
    "precision": [
      0.8333333333333334,
      0.95,
      0.43478260869565216,
      0.6818181818181818
    ],
    "recall": [
      0.6578947368421053,
      1.0,
      0.5263157894736842,
      0.7894736842105263
    ],
    "f1-score": [
      0.7352941176470589,
      0.9743589743589743,
      0.47619047619047616,
      0.7317073170731707
    ],
    "support": [
      38,
      19,
      19,
      19
    ],
    "macro_avg": {
      "precision": 0.7249835309617918,
      "recall": 0.743421052631579,
      "f1-score": 0.72938772131742,
      "support": 95
    }
  },
  "epochs": [
    {
      "epoch": 0,
      "train_loss": 1.3832004765669506,
      "val_loss": 1.3437357024142618,
      "learning_rate": 0.0001,
      "state_train_acc": 0.35596955195069313,
      "state_val_acc": 0.4,
      "state_val_confusion": [
        [
          38,
          0,
          0,
          0
        ],
        [
          19,
          0,
          0,
          0
        ],
        [
          19,
          0,
          0,
          0
        ],
        [
          19,
          0,
          0,
          0
        ]
      ]
    },
    {
      "epoch": 1,
      "train_loss": 1.3387407461802165,
      "val_loss": 1.3279341434177598,
      "learning_rate": 0.0001,
      "state_train_acc": 0.3858173079788685,
      "state_val_acc": 0.4,
      "state_val_confusion": [
        [
          38,
          0,
          0,
          0
        ],
        [
          19,
          0,
          0,
          0
        ],
        [
          19,
          0,
          0,
          0
        ],
        [
          19,
          0,
          0,
          0
        ]
      ]
    },
    {
      "epoch": 2,
      "train_loss": 1.3657608727614086,
      "val_loss": 1.34486353020919,
      "learning_rate": 0.0001,
      "state_train_acc": 0.39503205195069313,
      "state_val_acc": 0.4,
      "state_val_confusion": [
        [
          38,
          0,
          0,
          0
        ],
        [
          19,
          0,
          0,
          0
        ],
        [
          19,
          0,
          0,
          0
        ],
        [
          16,
          3,
          0,
          0
        ]
      ]
    },
    {
      "epoch": 3,
      "train_loss": 1.3588928530613582,
      "val_loss": 1.3339063493829024,
      "learning_rate": 0.0001,
      "state_train_acc": 0.3747996799647808,
      "state_val_acc": 0.4,
      "state_val_confusion": [
        [
          38,
          0,
          0,
          0
        ],
        [
          19,
          0,
          0,
          0
        ],
        [
          19,
          0,
          0,
          0
        ],
        [
          19,
          0,
          0,
          0
        ]
      ]
    },
    {
      "epoch": 4,
      "train_loss": 1.3467992395162582,
      "val_loss": 1.2978379349959523,
      "learning_rate": 0.0001,
      "state_train_acc": 0.3733974372347196,
      "state_val_acc": 0.42105263157894735,
      "state_val_confusion": [
        [
          32,
          0,
          0,
          6
        ],
        [
          19,
          0,
          0,
          0
        ],
        [
          15,
          0,
          0,
          4
        ],
        [
          11,
          0,
          0,
          8
        ]
      ]
    },
    {
      "epoch": 5,
      "train_loss": 1.2332284251848857,
      "val_loss": 1.1321430883909527,
      "learning_rate": 0.0001,
      "state_train_acc": 0.47235577056805295,
      "state_val_acc": 0.4842105263157895,
      "state_val_confusion": [
        [
          31,
          1,
          0,
          6
        ],
        [
          15,
          4,
          0,
          0
        ],
        [
          15,
          0,
          0,
          4
        ],
        [
          8,
          0,
          0,
          11
        ]
      ]
    },
    {
      "epoch": 6,
      "train_loss": 0.9395770281553268,
      "val_loss": 0.81794521871366,
      "learning_rate": 0.0001,
      "state_train_acc": 0.645432693262895,
      "state_val_acc": 0.631578947368421,
      "state_val_confusion": [
        [
          27,
          5,
          6,
          0
        ],
        [
          0,
          19,
          0,
          0
        ],
        [
          14,
          0,
          4,
          1
        ],
        [
          4,
          0,
          5,
          10
        ]
      ]
    },
    {
      "epoch": 7,
      "train_loss": 0.7275899400313696,
      "val_loss": 0.6494406135458696,
      "learning_rate": 0.0001,
      "state_train_acc": 0.7065304492910703,
      "state_val_acc": 0.7263157894736842,
      "state_val_confusion": [
        [
          31,
          1,
          6,
          0
        ],
        [
          0,
          19,
          0,
          0
        ],
        [
          13,
          0,
          3,
          3
        ],
        [
          2,
          0,
          1,
          16
        ]
      ]
    },
    {
      "epoch": 8,
      "train_loss": 0.6449874465664228,
      "val_loss": 0.768239174391094,
      "learning_rate": 0.0001,
      "state_train_acc": 0.7123397439718246,
      "state_val_acc": 0.7263157894736842,
      "state_val_confusion": [
        [
          36,
          2,
          0,
          0
        ],
        [
          0,
          19,
          0,
          0
        ],
        [
          19,
          0,
          0,
          0
        ],
        [
          5,
          0,
          0,
          14
        ]
      ]
    },
    {
      "epoch": 9,
      "train_loss": 0.6190000909070174,
      "val_loss": 0.5892794740827461,
      "learning_rate": 0.0001,
      "state_train_acc": 0.7417868599295616,
      "state_val_acc": 0.7473684210526316,
      "state_val_confusion": [
        [
          30,
          1,
          7,
          0
        ],
        [
          0,
          19,
          0,
          0
        ],
        [
          10,
          0,
          7,
          2
        ],
        [
          1,
          0,
          3,
          15
        ]
      ]
    },
    {
      "epoch": 10,
      "train_loss": 0.5917685044308504,
      "val_loss": 0.573518695329365,
      "learning_rate": 0.0001,
      "state_train_acc": 0.746995193262895,
      "state_val_acc": 0.7263157894736842,
      "state_val_confusion": [
        [
          35,
          1,
          2,
          0
        ],
        [
          0,
          19,
          0,
          0
        ],
        [
          14,
          0,
          5,
          0
        ],
        [
          2,
          0,
          7,
          10
        ]
      ]
    },
    {
      "epoch": 11,
      "train_loss": 0.6080510430037975,
      "val_loss": 0.551707314817529,
      "learning_rate": 0.0001,
      "state_train_acc": 0.723557693262895,
      "state_val_acc": 0.7473684210526316,
      "state_val_confusion": [
        [
          35,
          1,
          2,
          0
        ],
        [
          0,
          19,
          0,
          0
        ],
        [
          13,
          0,
          6,
          0
        ],
        [
          2,
          0,
          6,
          11
        ]
      ]
    },
    {
      "epoch": 12,
      "train_loss": 0.5296736719707648,
      "val_loss": 0.4938051120231026,
      "learning_rate": 0.0001,
      "state_train_acc": 0.7724358985821406,
      "state_val_acc": 0.7473684210526316,
      "state_val_confusion": [
        [
          30,
          1,
          7,
          0
        ],
        [
          0,
          19,
          0,
          0
        ],
        [
          9,
          0,
          5,
          5
        ],
        [
          2,
          0,
          0,
          17
        ]
      ]
    },
    {
      "epoch": 13,
      "train_loss": 0.5092340198655924,