{
  "fold": 0,
  "best_valence_acc": 0.5966386554621849,
  "best_arousal_acc": 0.39915966386554624,
  "best_epoch": 0,
  "train_time": 300.81014800071716,
  "valence_class_metrics": {
    "0": {
      "precision": 0.5966386554621849,
      "recall": 1.0,
      "f1-score": 0.7473684210526316,
      "support": 142
    },
    "1": {
      "precision": 0.0,
      "recall": 0.0,
      "f1-score": 0.0,
      "support": 48
    },
    "2": {
      "precision": 0.0,
      "recall": 0.0,
      "f1-score": 0.0,
      "support": 48
    },
    "macro avg": {
      "precision": 0.19887955182072828,
      "recall": 0.3333333333333333,
      "f1-score": 0.24912280701754386,
      "support": 238
    },
    "weighted avg": {
      "precision": 0.3559776851917238,
      "recall": 0.5966386554621849,
      "f1-score": 0.44590888987173816,
      "support": 238
    }
  },
  "arousal_class_metrics": {
    "0": {
      "precision": 0.0,
      "recall": 0.0,
      "f1-score": 0.0,
      "support": 95
    },
    "1": {
      "precision": 0.0,
      "recall": 0.0,
      "f1-score": 0.0,
      "support": 48
    },
    "2": {
      "precision": 0.39915966386554624,
      "recall": 1.0,
      "f1-score": 0.5705705705705706,
      "support": 95
    },
    "macro avg": {
      "precision": 0.1330532212885154,
      "recall": 0.3333333333333333,
      "f1-score": 0.1901901901901902,
      "support": 238
    },
    "weighted avg": {
      "precision": 0.15932843725725587,
      "recall": 0.39915966386554624,
      "f1-score": 0.22774875716052187,
      "support": 238
    }
  },
  "epochs": [
    {
      "epoch": 0,
      "train_loss": 2.059241160750389,
      "val_loss": 2.0893354455963906,
      "valence_train_acc": 0.6010044664144516,
      "valence_val_acc": 0.5966386554621849,
      "arousal_train_acc": 0.4268973246216774,
      "arousal_val_acc": 0.39915966386554624,
      "learning_rate": 0.0001,
      "valence_val_confusion": [
        [
          142,
          0,
          0
        ],
        [
          48,
          0,
          0
        ],
        [
          48,
          0,
          0
        ]
      ],
      "arousal_val_confusion": [
        [
          95,
          0,
          0
        ],
        [
          48,
          0,
          0
        ],
        [
          95,
          0,
          0
        ]
      ]
    },
    {
      "epoch": 1,
      "train_loss": 2.067076861858368,
      "val_loss": 2.01651107563692,
      "valence_train_acc": 0.5848214291036129,
      "valence_val_acc": 0.5966386554621849,
      "arousal_train_acc": 0.3828125,
      "arousal_val_acc": 0.39915966386554624,
      "learning_rate": 0.0001,
      "valence_val_confusion": [
        [
          142,
          0,
          0
        ],
        [
          48,
          0,
          0
        ],
        [
          48,
          0,
          0
        ]
      ],
      "arousal_val_confusion": [
        [
          0,
          0,
          95
        ],
        [
          0,
          0,
          48
        ],
        [
          0,
          0,
          95
        ]
      ]
    }
  ]
}