{
  "fold": 3,
  "train_time": 502.41598415374756,
  "best_state_acc": 0.8,
  "best_epoch": 17,
  "state_class_metrics": {
    "precision": [
      0.7714285714285715,
      1.0,
      0.47368421052631576,
      0.6818181818181818
    ],
    "recall": [
      0.7105263157894737,
      1.0,
      0.47368421052631576,
      0.7894736842105263
    ],
    "f1-score": [
      0.7397260273972602,
      1.0,
      0.47368421052631576,
      0.7317073170731707
    ],
    "support": [
      38,
      19,
      19,
      19
    ],
    "macro_avg": {
      "precision": 0.7317327409432672,
      "recall": 0.743421052631579,
      "f1-score": 0.7362793887491867,
      "support": 95
    }
  },
  "epochs": [
    {
      "epoch": 0,
      "train_loss": 1.3930518229802449,
      "val_loss": 1.3442515059521323,
      "learning_rate": 0.0001,
      "state_train_acc": 0.37600160390138626,
      "state_val_acc": 0.4,
      "state_val_confusion": [
        [
          38,
          0,
          0,
          0
        ],
        [
          19,
          0,
          0,
          0
        ],
        [
          19,
          0,
          0,
          0
        ],
        [
          19,
          0,
          0,
          0
        ]
      ]
    },
    {
      "epoch": 1,
      "train_loss": 1.366846005121867,
      "val_loss": 1.3330580485494514,
      "learning_rate": 0.0001,
      "state_train_acc": 0.3982371799647808,
      "state_val_acc": 0.4,
      "state_val_confusion": [
        [
          38,
          0,
          0,
          0
        ],
        [
          19,
          0,
          0,
          0
        ],
        [
          19,
          0,
          0,
          0
        ],
        [
          19,
          0,
          0,
          0
        ]
      ]
    },
    {
      "epoch": 2,
      "train_loss": 1.3385952065388362,
      "val_loss": 1.3782493127019781,
      "learning_rate": 0.0001,
      "state_train_acc": 0.3539663466314475,
      "state_val_acc": 0.4,
      "state_val_confusion": [
        [
          38,
          0,
          0,
          0
        ],
        [
          19,
          0,
          0,
          0
        ],
        [
          19,
          0,
          0,
          0
        ],
        [
          19,
          0,
          0,
          0
        ]
      ]
    },
    {
      "epoch": 3,
      "train_loss": 1.3251504798730214,
      "val_loss": 1.313267297493784,
      "learning_rate": 0.0001,
      "state_train_acc": 0.4034455132981141,
      "state_val_acc": 0.4,
      "state_val_confusion": [
        [
          38,
          0,
          0,
          0
        ],
        [
          19,
          0,
          0,
          0
        ],
        [
          19,
          0,
          0,
          0
        ],
        [
          19,
          0,
          0,
          0
        ]
      ]
    },
    {
      "epoch": 4,
      "train_loss": 1.2380514194567998,
      "val_loss": 1.1915841717469065,
      "learning_rate": 0.0001,
      "state_train_acc": 0.47435897464553517,
      "state_val_acc": 0.4631578947368421,
      "state_val_confusion": [
        [
          32,
          5,
          1,
          0
        ],
        [
          7,
          12,
          0,
          0
        ],
        [
          19,
          0,
          0,
          0
        ],
        [
          16,
          0,
          3,
          0
        ]
      ]
    },
    {
      "epoch": 5,
      "train_loss": 0.952950599292914,
      "val_loss": 0.8818095727970726,
      "learning_rate": 0.0001,
      "state_train_acc": 0.645432693262895,
      "state_val_acc": 0.631578947368421,
      "state_val_confusion": [
        [
          33,
          5,
          0,
          0
        ],
        [
          0,
          19,
          0,
          0
        ],
        [
          18,
          0,
          0,
          1
        ],
        [
          11,
          0,
          0,
          8
        ]
      ]
    },
    {
      "epoch": 6,
      "train_loss": 0.7494060372312864,
      "val_loss": 0.6957021970497934,
      "learning_rate": 0.0001,
      "state_train_acc": 0.6895032078027725,
      "state_val_acc": 0.7368421052631579,
      "state_val_confusion": [
        [
          35,
          1,
          0,
          2
        ],
        [
          0,
          19,
          0,
          0
        ],
        [
          14,
          0,
          1,
          4
        ],
        [
          4,
          0,
          0,
          15
        ]
      ]
    },
    {
      "epoch": 7,
      "train_loss": 0.6803087418278059,
      "val_loss": 0.6881713321334437,
      "learning_rate": 0.0001,
      "state_train_acc": 0.7071314106384913,
      "state_val_acc": 0.6631578947368421,
      "state_val_confusion": [
        [
          30,
          2,
          6,
          0
        ],
        [
          0,
          19,
          0,
          0
        ],
        [
          14,
          0,
          5,
          0
        ],
        [
          3,
          0,
          7,
          9
        ]
      ]
    },
    {
      "epoch": 8,
      "train_loss": 0.6259706454972426,
      "val_loss": 0.7300818104492991,
      "learning_rate": 0.0001,
      "state_train_acc": 0.717548077305158,
      "state_val_acc": 0.6842105263157895,
      "state_val_confusion": [
        [
          36,
          2,
          0,
          0
        ],
        [
          0,
          19,
          0,
          0
        ],
        [
          17,
          0,
          2,
          0
        ],
        [
          8,
          0,
          3,
          8
        ]
      ]
    },
    {
      "epoch": 9,
      "train_loss": 0.6110888632635275,
      "val_loss": 0.5933255333649484,
      "learning_rate": 0.0001,
      "state_train_acc": 0.7207532078027725,
      "state_val_acc": 0.7368421052631579,
      "state_val_confusion": [
        [
          30,
          2,
          6,
          0
        ],
        [
          0,
          19,
          0,
          0
        ],
        [
          11,
          0,
          4,
          4
        ],
        [
          1,
          0,
          1,
          17
        ]
      ]
    },
    {
      "epoch": 10,
      "train_loss": 0.6057395053406557,
      "val_loss": 0.5747625024695145,
      "learning_rate": 0.0001,
      "state_train_acc": 0.7273637826244036,
      "state_val_acc": 0.7789473684210526,
      "state_val_confusion": [
        [
          35,
          1,
          2,
          0
        ],
        [
          0,
          19,
          0,
          0
        ],
        [
          14,
          0,
          3,
          2
        ],
        [
          2,
          0,
          0,
          17
        ]
      ]
    },
    {
      "epoch": 11,
      "train_loss": 0.5907208708425363,
      "val_loss": 0.5673896331536142,
      "learning_rate": 0.0001,
      "state_train_acc": 0.756009615957737,
      "state_val_acc": 0.7684210526315789,
      "state_val_confusion": [
        [
          37,
          1,
          0,
          0
        ],
        [
          0,
          19,
          0,
          0
        ],
        [
          13,
          0,
          0,
          6
        ],
        [
          1,
          0,
          1,
          17
        ]
      ]
    },
    {
      "epoch": 12,
      "train_loss": 0.5398195472856363,
      "val_loss": 0.5228123100180375,
      "learning_rate": 0.0001,
      "state_train_acc": 0.7397836546103159,
      "state_val_acc": 0.7684210526315789,
      "state_val_confusion": [
        [
          33,
          1,
          4,
          0
        ],
        [
          0,
          19,
          0,
          0
        ],
        [
          11,
          0,
          4,
          4
        ],
        [
          1,
          0,
          1,
          17
        ]
      ]
    },
    {
      "epoch": 13,
      "train_loss": 0.5496798505385717,
      "val_loss": 0.530865007011514,