{
  "fold": 1,
  "train_time": 345.5711441040039,
  "best_state_acc": 0.8,
  "best_epoch": 13,
  "state_class_metrics": {
    "precision": [
      0.75,
      1.0,
      0.42857142857142855,
      0.9090909090909091
    ],
    "recall": [
      0.868421052631579,
      1.0,
      0.47368421052631576,
      0.5263157894736842
    ],
    "f1-score": [
      0.8048780487804879,
      1.0,
      0.45,
      0.6666666666666666
    ],
    "support": [
      38,
      19,
      19,
      19
    ],
    "macro_avg": {
      "precision": 0.7719155844155844,
      "recall": 0.7171052631578947,
      "f1-score": 0.7303861788617886,
      "support": 95
    }
  },
  "epochs": [
    {
      "epoch": 0,
      "train_loss": 1.3666586925586064,
      "val_loss": 1.3379540782225758,
      "learning_rate": 0.0001,
      "state_train_acc": 0.3721955132981141,
      "state_val_acc": 0.4,
      "state_val_confusion": [
        [
          38,
          0,
          0,
          0
        ],
        [
          19,
          0,
          0,
          0
        ],
        [
          19,
          0,
          0,
          0
        ],
        [
          19,
          0,
          0,
          0
        ]
      ]
    },
    {
      "epoch": 1,
      "train_loss": 1.3495995998382568,
      "val_loss": 1.327718980688798,
      "learning_rate": 0.0001,
      "state_train_acc": 0.3956330132981141,
      "state_val_acc": 0.4,
      "state_val_confusion": [
        [
          38,
          0,
          0,
          0
        ],
        [
          19,
          0,
          0,
          0
        ],
        [
          19,
          0,
          0,
          0
        ],
        [
          19,
          0,
          0,
          0
        ]
      ]
    },
    {
      "epoch": 2,
      "train_loss": 1.3636363794406254,
      "val_loss": 1.3248826315528468,
      "learning_rate": 0.0001,
      "state_train_acc": 0.37139423191547394,
      "state_val_acc": 0.4,
      "state_val_confusion": [
        [
          38,
          0,
          0,
          0
        ],
        [
          19,
          0,
          0,
          0
        ],
        [
          19,
          0,
          0,
          0
        ],
        [
          19,
          0,
          0,
          0
        ]
      ]
    },
    {
      "epoch": 3,
      "train_loss": 1.3320806324481964,
      "val_loss": 1.3316313241657458,
      "learning_rate": 0.0001,
      "state_train_acc": 0.3918269233157237,
      "state_val_acc": 0.4,
      "state_val_confusion": [
        [
          38,
          0,
          0,
          0
        ],
        [
          19,
          0,
          0,
          0
        ],
        [
          19,
          0,
          0,
          0
        ],
        [
          19,
          0,
          0,
          0
        ]
      ]
    },
    {
      "epoch": 4,
      "train_loss": 1.3031750470399857,
      "val_loss": 1.2079194232037194,
      "learning_rate": 0.0001,
      "state_train_acc": 0.4008413466314475,
      "state_val_acc": 0.49473684210526314,
      "state_val_confusion": [
        [
          37,
          0,
          0,
          1
        ],
        [
          19,
          0,
          0,
          0
        ],
        [
          17,
          0,
          0,
          2
        ],
        [
          9,
          0,
          0,
          10
        ]
      ]
    },
    {
      "epoch": 5,
      "train_loss": 1.0413422187169392,
      "val_loss": 0.8351084753086693,
      "learning_rate": 0.0001,
      "state_train_acc": 0.528245193262895,
      "state_val_acc": 0.6526315789473685,
      "state_val_confusion": [
        [
          29,
          0,
          0,
          9
        ],
        [
          5,
          14,
          0,
          0
        ],
        [
          11,
          0,
          0,
          8
        ],
        [
          0,
          0,
          0,
          19
        ]
      ]
    },
    {
      "epoch": 6,
      "train_loss": 0.7438893156747023,
      "val_loss": 0.5683793381640786,
      "learning_rate": 0.0001,
      "state_train_acc": 0.7131410265962282,
      "state_val_acc": 0.7684210526315789,
      "state_val_confusion": [
        [
          37,
          0,
          1,
          0
        ],
        [
          0,
          19,
          0,
          0
        ],
        [
          13,
          0,
          1,
          5
        ],
        [
          1,
          0,
          2,
          16
        ]
      ]
    },
    {
      "epoch": 7,
      "train_loss": 0.6227902173995972,
      "val_loss": 0.5272965227302752,
      "learning_rate": 0.0001,
      "state_train_acc": 0.7215544879436493,
      "state_val_acc": 0.7789473684210526,
      "state_val_confusion": [
        [
          37,
          1,
          0,
          0
        ],
        [
          0,
          19,
          0,
          0
        ],
        [
          13,
          0,
          1,
          5
        ],
        [
          1,
          0,
          1,
          17
        ]
      ]
    },
    {
      "epoch": 8,
      "train_loss": 0.6117097027599812,
      "val_loss": 0.538192898348758,
      "learning_rate": 0.0001,
      "state_train_acc": 0.7105368599295616,
      "state_val_acc": 0.6842105263157895,
      "state_val_confusion": [
        [
          24,
          0,
          14,
          0
        ],
        [
          0,
          19,
          0,
          0
        ],
        [
          6,
          0,
          10,
          3
        ],
        [
          0,
          0,
          7,
          12
        ]
      ]
    },
    {
      "epoch": 9,
      "train_loss": 0.563871219754219,
      "val_loss": 0.5706893274658604,
      "learning_rate": 0.0001,
      "state_train_acc": 0.7508012826244036,
      "state_val_acc": 0.7157894736842105,
      "state_val_confusion": [
        [
          37,
          0,
          1,
          0
        ],
        [
          0,
          19,
          0,
          0
        ],
        [
          15,
          0,
          4,
          0
        ],
        [
          5,
          0,
          6,
          8
        ]
      ]
    },
    {
      "epoch": 10,
      "train_loss": 0.5447001531720161,
      "val_loss": 0.4436256251837078,
      "learning_rate": 0.0001,
      "state_train_acc": 0.7437900652488073,
      "state_val_acc": 0.7684210526315789,
      "state_val_confusion": [
        [
          33,
          0,
          5,
          0
        ],
        [
          0,
          19,
          0,
          0
        ],
        [
          8,
          0,
          6,
          5
        ],
        [
          3,
          0,
          1,
          15
        ]
      ]
    },
    {
      "epoch": 11,
      "train_loss": 0.48673662294944126,
      "val_loss": 0.4389327344141508,
      "learning_rate": 0.0001,
      "state_train_acc": 0.7840544879436493,
      "state_val_acc": 0.7684210526315789,
      "state_val_confusion": [
        [
          33,
          0,
          5,
          0
        ],
        [
          0,
          19,
          0,
          0
        ],
        [
          8,
          0,
          6,
          5
        ],
        [
          2,
          0,
          2,
          15
        ]
      ]
    },
    {
      "epoch": 12,
      "train_loss": 0.4760168430705865,
      "val_loss": 0.47453206903056094,
      "learning_rate": 0.0001,
      "state_train_acc": 0.7744391039013863,
      "state_val_acc": 0.7684210526315789,
      "state_val_confusion": [
        [
          33,
          0,
          5,
          0
        ],
        [
          0,
          19,
          0,
          0
        ],
        [
          8,
          0,
          6,
          5
        ],
        [
          4,
          0,
          0,
          15
        ]
      ]
    },
    {
      "epoch": 13,
      "train_loss": 0.49121930698553723,
      "val_loss": 0.44148045778274536,