{
  "performance_summary": {
    "valence_accuracy": {
      "mean": 0.8340570175438596,
      "std": 0.011909247604969279,
      "values": [
        0.8229166666666666,
        0.8315789473684211,
        0.8526315789473684,
        0.8421052631578947,
        0.8210526315789474
      ]
    },
    "arousal_accuracy": {
      "mean": 0.8696491228070176,
      "std": 0.030485958400345,
      "values": [
        0.9166666666666666,
        0.8421052631578947,
        0.8526315789473684,
        0.8947368421052632,
        0.8421052631578947
      ]
    }
  },
  "class_performance": {
    "valence": {
      "precision": [
        0.7538461538461538,
        0.9090909090909091,
        0.4444444444444444,
        0.9019607843137255,
        0.95,
        0.5833333333333334,
        0.8524590163934426,
        1.0,
        0.6666666666666666,
        0.7941176470588235,
        1.0,
        0.7272727272727273,
        0.7846153846153846,
        1.0,
        0.45454545454545453
      ],
      "recall": [
        0.875,
        1.0,
        0.2,
        0.8070175438596491,
        1.0,
        0.7368421052631579,
        0.9122807017543859,
        1.0,
        0.5263157894736842,
        0.9473684210526315,
        0.8421052631578947,
        0.42105263157894735,
        0.8947368421052632,
        1.0,
        0.2631578947368421
      ],
      "f1-score": [
        0.8099173553719008,
        0.9523809523809523,
        0.27586206896551724,
        0.8518518518518519,
        0.9743589743589743,
        0.6511627906976745,
        0.8813559322033898,
        1.0,
        0.5882352941176471,
        0.864,
        0.9142857142857143,
        0.5333333333333333,
        0.8360655737704918,
        1.0,
        0.3333333333333333
      ]
    },
    "arousal": {
      "precision": [
        0.9375,
        0.9090909090909091,
        0.7857142857142857,
        0.7948717948717948,
        0.95,
        0.8055555555555556,
        0.96,
        1.0,
        0.7254901960784313,
        0.813953488372093,
        1.0,
        0.8333333333333334,
        0.92,
        1.0,
        0.7058823529411765
      ],
      "recall": [
        0.7692307692307693,
        1.0,
        0.8918918918918919,
        0.8157894736842105,
        1.0,
        0.7631578947368421,
        0.631578947368421,
        1.0,
        0.9736842105263158,
        0.9210526315789473,
        0.8421052631578947,
        0.7894736842105263,
        0.6052631578947368,
        1.0,
        0.9473684210526315
      ],
      "f1-score": [
        0.8450704225352113,
        0.9523809523809523,
        0.8354430379746836,
        0.8051948051948052,
        0.9743589743589743,
        0.7837837837837838,
        0.7619047619047619,
        1.0,
        0.8314606741573034,
        0.8641975308641975,
        0.9142857142857143,
        0.8108108108108109,
        0.7301587301587301,
        1.0,
        0.8089887640449438
      ]
    }
  },
  "training_time": {
    "total": 107536.45736026764,
    "mean_per_fold": 21507.291472053526
  }
}