{
  "fold": 3,
  "train_time": 314.3812620639801,
  "best_state_acc": 0.7894736842105263,
  "best_epoch": 6,
  "state_class_metrics": {
    "precision": [
      0.8181818181818182,
      1.0,
      0.5,
      0.6666666666666666
    ],
    "recall": [
      0.7105263157894737,
      1.0,
      0.42105263157894735,
      0.9473684210526315
    ],
    "f1-score": [
      0.7605633802816901,
      1.0,
      0.45714285714285713,
      0.782608695652174
    ],
    "support": [
      38,
      19,
      19,
      19
    ],
    "macro_avg": {
      "precision": 0.7462121212121212,
      "recall": 0.7697368421052632,
      "f1-score": 0.7500787332691803,
      "support": 95
    }
  },
  "epochs": [
    {
      "epoch": 0,
      "train_loss": 1.3786933744947116,
      "val_loss": 1.3678085490276939,
      "learning_rate": 0.0001,
      "state_train_acc": 0.3832131413122018,
      "state_val_acc": 0.4,
      "state_val_confusion": [
        [
          38,
          0,
          0,
          0
        ],
        [
          19,
          0,
          0,
          0
        ],
        [
          19,
          0,
          0,
          0
        ],
        [
          19,
          0,
          0,
          0
        ]
      ]
    },
    {
      "epoch": 1,
      "train_loss": 1.3895070850849152,
      "val_loss": 1.329817933785288,
      "learning_rate": 0.0001,
      "state_train_acc": 0.3195112186173598,
      "state_val_acc": 0.4,
      "state_val_confusion": [
        [
          38,
          0,
          0,
          0
        ],
        [
          19,
          0,
          0,
          0
        ],
        [
          19,
          0,
          0,
          0
        ],
        [
          19,
          0,
          0,
          0
        ]
      ]
    },
    {
      "epoch": 2,
      "train_loss": 1.3541390498479207,
      "val_loss": 1.3371164284254375,
      "learning_rate": 0.0001,
      "state_train_acc": 0.40004006524880725,
      "state_val_acc": 0.4,
      "state_val_confusion": [
        [
          38,
          0,
          0,
          0
        ],
        [
          19,
          0,
          0,
          0
        ],
        [
          19,
          0,
          0,
          0
        ],
        [
          19,
          0,
          0,
          0
        ]
      ]
    },
    {
      "epoch": 3,
      "train_loss": 1.3126606543858845,
      "val_loss": 1.29259579683605,
      "learning_rate": 0.0001,
      "state_train_acc": 0.3928285265962283,
      "state_val_acc": 0.4,
      "state_val_confusion": [
        [
          38,
          0,
          0,
          0
        ],
        [
          19,
          0,
          0,
          0
        ],
        [
          19,
          0,
          0,
          0
        ],
        [
          19,
          0,
          0,
          0
        ]
      ]
    },
    {
      "epoch": 4,
      "train_loss": 1.1735918720563252,
      "val_loss": 1.0041141246494494,
      "learning_rate": 0.0001,
      "state_train_acc": 0.4689503212769826,
      "state_val_acc": 0.6526315789473685,
      "state_val_confusion": [
        [
          30,
          8,
          0,
          0
        ],
        [
          5,
          14,
          0,
          0
        ],
        [
          14,
          0,
          2,
          3
        ],
        [
          2,
          1,
          0,
          16
        ]
      ]
    },
    {
      "epoch": 5,
      "train_loss": 0.8306334018707275,
      "val_loss": 0.7089293649322108,
      "learning_rate": 0.0001,
      "state_train_acc": 0.6836939106384913,
      "state_val_acc": 0.7263157894736842,
      "state_val_confusion": [
        [
          33,
          5,
          0,
          0
        ],
        [
          0,
          19,
          0,
          0
        ],
        [
          14,
          0,
          0,
          5
        ],
        [
          2,
          0,
          0,
          17
        ]
      ]
    },
    {
      "epoch": 6,
      "train_loss": 0.6734730377793312,
      "val_loss": 0.61319327856365,
      "learning_rate": 0.0001,
      "state_train_acc": 0.707932693262895,
      "state_val_acc": 0.7894736842105263,
      "state_val_confusion": [
        [
          37,
          1,
          0,
          0
        ],
        [
          0,
          19,
          0,
          0
        ],
        [
          14,
          0,
          2,
          3
        ],
        [
          2,
          0,
          0,
          17
        ]
      ]
    },
    {
      "epoch": 7,
      "train_loss": 0.6141142422954241,
      "val_loss": 0.612743395880649,
      "learning_rate": 0.0001,
      "state_train_acc": 0.740985577305158,
      "state_val_acc": 0.7368421052631579,
      "state_val_confusion": [
        [
          35,
          2,
          1,
          0
        ],
        [
          0,
          19,
          0,
          0
        ],
        [
          14,
          0,
          4,
          1
        ],
        [
          2,
          0,
          5,
          12
        ]
      ]
    },
    {
      "epoch": 8,
      "train_loss": 0.589830631390214,
      "val_loss": 0.5723824419473347,
      "learning_rate": 0.0001,
      "state_train_acc": 0.7646233985821406,
      "state_val_acc": 0.7473684210526316,
      "state_val_confusion": [
        [
          35,
          1,
          2,
          0
        ],
        [
          0,
          19,
          0,
          0
        ],
        [
          14,
          0,
          0,
          5
        ],
        [
          1,
          0,
          1,
          17
        ]
      ]
    },
    {
      "epoch": 9,
      "train_loss": 0.5362106114625931,
      "val_loss": 0.517032296720304,
      "learning_rate": 0.0001,
      "state_train_acc": 0.7554086546103159,
      "state_val_acc": 0.7789473684210526,
      "state_val_confusion": [
        [
          36,
          1,
          1,
          0
        ],
        [
          0,
          19,
          0,
          0
        ],
        [
          13,
          0,
          2,
          4
        ],
        [
          2,
          0,
          0,
          17
        ]
      ]
    },
    {
      "epoch": 10,
      "train_loss": 0.5029363098243872,
      "val_loss": 0.5255681251224719,
      "learning_rate": 0.0001,
      "state_train_acc": 0.7736378212769827,
      "state_val_acc": 0.7578947368421053,
      "state_val_confusion": [
        [
          33,
          1,
          4,
          0
        ],
        [
          0,
          19,
          0,
          0
        ],
        [
          11,
          0,
          3,
          5
        ],
        [
          2,
          0,
          0,
          17
        ]
      ]
    },
    {
      "epoch": 11,
      "train_loss": 0.5160315055400133,
      "val_loss": 0.5316098464162726,
      "learning_rate": 0.0001,
      "state_train_acc": 0.7658253212769827,
      "state_val_acc": 0.7157894736842105,
      "state_val_confusion": [
        [
          25,
          1,
          12,
          0
        ],
        [
          0,
          19,
          0,
          0
        ],
        [
          5,
          0,
          14,
          0
        ],
        [
          1,
          0,
          8,
          10
        ]
      ]
    },
    {
      "epoch": 12,
      "train_loss": 0.4885570326199134,
      "val_loss": 0.5331288500836021,
      "learning_rate": 0.0001,
      "state_train_acc": 0.771634615957737,
      "state_val_acc": 0.7368421052631579,
      "state_val_confusion": [
        [
          29,
          1,
          6,
          2
        ],
        [
          0,
          19,
          0,
          0
        ],
        [
          9,
          0,
          4,
          6
        ],
        [
          1,
          0,
          0,
          18
        ]
      ]
    },
    {
      "epoch": 13,
      "train_loss": 0.46114093748231727,
      "val_loss": 0.5325807825515144,