{
  "fold": 2,
  "train_time": 416.90993475914,
  "best_state_acc": 0.8105263157894737,
  "best_epoch": 24,
  "state_class_metrics": {
    "precision": [
      0.7804878048780488,
      0.9047619047619048,
      0.6666666666666666,
      0.7083333333333334
    ],
    "recall": [
      0.8421052631578947,
      1.0,
      0.3157894736842105,
      0.8947368421052632
    ],
    "f1-score": [
      0.810126582278481,
      0.95,
      0.42857142857142855,
      0.7906976744186046
    ],
    "support": [
      38,
      19,
      19,
      19
    ],
    "macro_avg": {
      "precision": 0.7650624274099884,
      "recall": 0.7631578947368421,
      "f1-score": 0.7448489213171285,
      "support": 95
    }
  },
  "epochs": [
    {
      "epoch": 0,
      "train_loss": 1.36270767947038,
      "val_loss": 1.3434207652744494,
      "learning_rate": 0.0001,
      "state_train_acc": 0.35256410390138626,
      "state_val_acc": 0.4,
      "state_val_confusion": [
        [
          38,
          0,
          0,
          0
        ],
        [
          19,
          0,
          0,
          0
        ],
        [
          19,
          0,
          0,
          0
        ],
        [
          19,
          0,
          0,
          0
        ]
      ]
    },
    {
      "epoch": 1,
      "train_loss": 1.3490007172028224,
      "val_loss": 1.358343734239277,
      "learning_rate": 0.0001,
      "state_train_acc": 0.37279647464553517,
      "state_val_acc": 0.4,
      "state_val_confusion": [
        [
          38,
          0,
          0,
          0
        ],
        [
          19,
          0,
          0,
          0
        ],
        [
          19,
          0,
          0,
          0
        ],
        [
          19,
          0,
          0,
          0
        ]
      ]
    },
    {
      "epoch": 2,
      "train_loss": 1.3480878323316574,
      "val_loss": 1.3254479998036435,
      "learning_rate": 0.0001,
      "state_train_acc": 0.3858173079788685,
      "state_val_acc": 0.4,
      "state_val_confusion": [
        [
          38,
          0,
          0,
          0
        ],
        [
          19,
          0,
          0,
          0
        ],
        [
          19,
          0,
          0,
          0
        ],
        [
          19,
          0,
          0,
          0
        ]
      ]
    },
    {
      "epoch": 3,
      "train_loss": 1.346563513080279,
      "val_loss": 1.3226841637962743,
      "learning_rate": 0.0001,
      "state_train_acc": 0.4084535265962283,
      "state_val_acc": 0.4,
      "state_val_confusion": [
        [
          38,
          0,
          0,
          0
        ],
        [
          19,
          0,
          0,
          0
        ],
        [
          19,
          0,
          0,
          0
        ],
        [
          19,
          0,
          0,
          0
        ]
      ]
    },
    {
      "epoch": 4,
      "train_loss": 1.3013585309187572,
      "val_loss": 1.2418762181934557,
      "learning_rate": 0.0001,
      "state_train_acc": 0.4136618599295616,
      "state_val_acc": 0.4,
      "state_val_confusion": [
        [
          38,
          0,
          0,
          0
        ],
        [
          19,
          0,
          0,
          0
        ],
        [
          19,
          0,
          0,
          0
        ],
        [
          19,
          0,
          0,
          0
        ]
      ]
    },
    {
      "epoch": 5,
      "train_loss": 1.1542912150422733,
      "val_loss": 0.9277101792787251,
      "learning_rate": 0.0001,
      "state_train_acc": 0.45793269326289493,
      "state_val_acc": 0.6210526315789474,
      "state_val_confusion": [
        [
          29,
          0,
          0,
          9
        ],
        [
          7,
          12,
          0,
          0
        ],
        [
          12,
          0,
          0,
          7
        ],
        [
          1,
          0,
          0,
          18
        ]
      ]
    },
    {
      "epoch": 6,
      "train_loss": 0.8364127402504286,
      "val_loss": 0.6369364995705454,
      "learning_rate": 0.0001,
      "state_train_acc": 0.6975160265962282,
      "state_val_acc": 0.7157894736842105,
      "state_val_confusion": [
        [
          34,
          4,
          0,
          0
        ],
        [
          0,
          19,
          0,
          0
        ],
        [
          13,
          0,
          0,
          6
        ],
        [
          4,
          0,
          0,
          15
        ]
      ]
    },
    {
      "epoch": 7,
      "train_loss": 0.699624544630448,
      "val_loss": 0.6225180481609546,
      "learning_rate": 0.0001,
      "state_train_acc": 0.7111378212769827,
      "state_val_acc": 0.6526315789473685,
      "state_val_confusion": [
        [
          24,
          2,
          12,
          0
        ],
        [
          0,
          19,
          0,
          0
        ],
        [
          9,
          0,
          4,
          6
        ],
        [
          0,
          0,
          4,
          15
        ]
      ]
    },
    {
      "epoch": 8,
      "train_loss": 0.6572286710143089,
      "val_loss": 0.7053484088496158,
      "learning_rate": 0.0001,
      "state_train_acc": 0.6889022439718246,
      "state_val_acc": 0.7052631578947368,
      "state_val_confusion": [
        [
          33,
          5,
          0,
          0
        ],
        [
          0,
          19,
          0,
          0
        ],
        [
          13,
          0,
          0,
          6
        ],
        [
          4,
          0,
          0,
          15
        ]
      ]
    },
    {
      "epoch": 9,
      "train_loss": 0.6043826614816984,
      "val_loss": 0.5915589426693163,
      "learning_rate": 0.0001,
      "state_train_acc": 0.7293669879436493,
      "state_val_acc": 0.7157894736842105,
      "state_val_confusion": [
        [
          33,
          4,
          0,
          1
        ],
        [
          0,
          19,
          0,
          0
        ],
        [
          13,
          0,
          0,
          6
        ],
        [
          1,
          0,
          2,
          16
        ]
      ]
    },
    {
      "epoch": 10,
      "train_loss": 0.5714704183240732,
      "val_loss": 0.5681098693295529,
      "learning_rate": 0.0001,
      "state_train_acc": 0.7429887826244036,
      "state_val_acc": 0.7368421052631579,
      "state_val_confusion": [
        [
          35,
          2,
          1,
          0
        ],
        [
          0,
          19,
          0,
          0
        ],
        [
          13,
          0,
          0,
          6
        ],
        [
          2,
          0,
          1,
          16
        ]
      ]
    },
    {
      "epoch": 11,
      "train_loss": 0.5419522722562155,
      "val_loss": 0.5830983657585947,
      "learning_rate": 0.0001,
      "state_train_acc": 0.7520032078027725,
      "state_val_acc": 0.7578947368421053,
      "state_val_confusion": [
        [
          29,
          4,
          4,
          1
        ],
        [
          0,
          19,
          0,
          0
        ],
        [
          5,
          0,
          8,
          6
        ],
        [
          1,
          0,
          2,
          16
        ]
      ]
    },
    {
      "epoch": 12,
      "train_loss": 0.5240588362018267,
      "val_loss": 0.5716388438877307,
      "learning_rate": 0.0001,
      "state_train_acc": 0.7696314106384913,
      "state_val_acc": 0.7578947368421053,
      "state_val_confusion": [
        [
          28,
          2,
          7,
          1
        ],
        [
          0,
          19,
          0,
          0
        ],
        [
          5,
          0,
          8,
          6
        ],
        [
          1,
          0,
          1,
          17
        ]
      ]
    },
    {
      "epoch": 13,
      "train_loss": 0.5198522048691908,