{
  "fold": 2,
  "train_time": 528.6287379264832,
  "best_state_acc": 0.8736842105263158,
  "best_epoch": 28,
  "state_class_metrics": {
    "precision": [
      0.8235294117647058,
      0.95,
      0.625,
      0.9411764705882353
    ],
    "recall": [
      0.7368421052631579,
      1.0,
      0.7894736842105263,
      0.8421052631578947
    ],
    "f1-score": [
      0.7777777777777778,
      0.9743589743589743,
      0.6976744186046512,
      0.8888888888888888
    ],
    "support": [
      38,
      19,
      19,
      19
    ],
    "macro_avg": {
      "precision": 0.8349264705882353,
      "recall": 0.8421052631578947,
      "f1-score": 0.834675014907573,
      "support": 95
    }
  },
  "epochs": [
    {
      "epoch": 0,
      "train_loss": 1.3621794829765956,
      "val_loss": 1.3707078645103856,
      "learning_rate": 0.0001,
      "state_train_acc": 0.37980769326289493,
      "state_val_acc": 0.4,
      "state_val_confusion": [
        [
          38,
          0,
          0,
          0
        ],
        [
          19,
          0,
          0,
          0
        ],
        [
          19,
          0,
          0,
          0
        ],
        [
          19,
          0,
          0,
          0
        ]
      ]
    },
    {
      "epoch": 1,
      "train_loss": 1.3547070175409317,
      "val_loss": 1.335931762896086,
      "learning_rate": 0.0001,
      "state_train_acc": 0.3934294879436493,
      "state_val_acc": 0.4,
      "state_val_confusion": [
        [
          38,
          0,
          0,
          0
        ],
        [
          19,
          0,
          0,
          0
        ],
        [
          19,
          0,
          0,
          0
        ],
        [
          19,
          0,
          0,
          0
        ]
      ]
    },
    {
      "epoch": 2,
      "train_loss": 1.3739600976308186,
      "val_loss": 1.344718871618572,
      "learning_rate": 0.0001,
      "state_train_acc": 0.3800080132981141,
      "state_val_acc": 0.4,
      "state_val_confusion": [
        [
          38,
          0,
          0,
          0
        ],
        [
          19,
          0,
          0,
          0
        ],
        [
          19,
          0,
          0,
          0
        ],
        [
          19,
          0,
          0,
          0
        ]
      ]
    },
    {
      "epoch": 3,
      "train_loss": 1.3397952268520992,
      "val_loss": 1.3290627981487073,
      "learning_rate": 0.0001,
      "state_train_acc": 0.3930288466314475,
      "state_val_acc": 0.4,
      "state_val_confusion": [
        [
          38,
          0,
          0,
          0
        ],
        [
          19,
          0,
          0,
          0
        ],
        [
          19,
          0,
          0,
          0
        ],
        [
          19,
          0,
          0,
          0
        ]
      ]
    },
    {
      "epoch": 4,
      "train_loss": 1.3226754019657772,
      "val_loss": 1.2839028647071438,
      "learning_rate": 0.0001,
      "state_train_acc": 0.38641827056805295,
      "state_val_acc": 0.4,
      "state_val_confusion": [
        [
          38,
          0,
          0,
          0
        ],
        [
          19,
          0,
          0,
          0
        ],
        [
          19,
          0,
          0,
          0
        ],
        [
          19,
          0,
          0,
          0
        ]
      ]
    },
    {
      "epoch": 5,
      "train_loss": 1.2968202233314514,
      "val_loss": 1.2289832479075382,
      "learning_rate": 0.0001,
      "state_train_acc": 0.4060496799647808,
      "state_val_acc": 0.4105263157894737,
      "state_val_confusion": [
        [
          38,
          0,
          0,
          0
        ],
        [
          19,
          0,
          0,
          0
        ],
        [
          19,
          0,
          0,
          0
        ],
        [
          18,
          0,
          0,
          1
        ]
      ]
    },
    {
      "epoch": 6,
      "train_loss": 1.1116646925608318,
      "val_loss": 0.8578520599164461,
      "learning_rate": 0.0001,
      "state_train_acc": 0.5472756413122019,
      "state_val_acc": 0.6947368421052632,
      "state_val_confusion": [
        [
          34,
          0,
          0,
          4
        ],
        [
          2,
          17,
          0,
          0
        ],
        [
          14,
          0,
          0,
          5
        ],
        [
          4,
          0,
          0,
          15
        ]
      ]
    },
    {
      "epoch": 7,
      "train_loss": 0.8077524676918983,
      "val_loss": 0.6688325223169829,
      "learning_rate": 0.0001,
      "state_train_acc": 0.668870193262895,
      "state_val_acc": 0.6526315789473685,
      "state_val_confusion": [
        [
          29,
          5,
          4,
          0
        ],
        [
          0,
          19,
          0,
          0
        ],
        [
          13,
          0,
          0,
          6
        ],
        [
          2,
          0,
          3,
          14
        ]
      ]
    },
    {
      "epoch": 8,
      "train_loss": 0.6855544820427895,
      "val_loss": 0.5913735214032625,
      "learning_rate": 0.0001,
      "state_train_acc": 0.7227564106384913,
      "state_val_acc": 0.7052631578947368,
      "state_val_confusion": [
        [
          30,
          1,
          3,
          4
        ],
        [
          0,
          19,
          0,
          0
        ],
        [
          13,
          0,
          0,
          6
        ],
        [
          1,
          0,
          0,
          18
        ]
      ]
    },
    {
      "epoch": 9,
      "train_loss": 0.6751563909153143,
      "val_loss": 0.5422931188031247,
      "learning_rate": 0.0001,
      "state_train_acc": 0.693509615957737,
      "state_val_acc": 0.7052631578947368,
      "state_val_confusion": [
        [
          34,
          1,
          3,
          0
        ],
        [
          0,
          19,
          0,
          0
        ],
        [
          13,
          0,
          0,
          6
        ],
        [
          2,
          0,
          3,
          14
        ]
      ]
    },
    {
      "epoch": 10,
      "train_loss": 0.6129372827708721,
      "val_loss": 0.5370098314787212,
      "learning_rate": 0.0001,
      "state_train_acc": 0.7451923079788685,
      "state_val_acc": 0.7157894736842105,
      "state_val_confusion": [
        [
          32,
          1,
          4,
          1
        ],
        [
          0,
          19,
          0,
          0
        ],
        [
          12,
          0,
          1,
          6
        ],
        [
          1,
          0,
          2,
          16
        ]
      ]
    },
    {
      "epoch": 11,
      "train_loss": 0.5667393356561661,
      "val_loss": 0.5304275205260829,
      "learning_rate": 0.0001,
      "state_train_acc": 0.756009615957737,
      "state_val_acc": 0.7473684210526316,
      "state_val_confusion": [
        [
          36,
          1,
          0,
          1
        ],
        [
          0,
          19,
          0,
          0
        ],
        [
          13,
          0,
          0,
          6
        ],
        [
          3,
          0,
          0,
          16
        ]
      ]
    },
    {
      "epoch": 12,
      "train_loss": 0.5577902073661486,
      "val_loss": 0.5575131428869147,
      "learning_rate": 0.0001,
      "state_train_acc": 0.7618189106384913,
      "state_val_acc": 0.7052631578947368,
      "state_val_confusion": [
        [
          31,
          1,
          5,
          1
        ],
        [
          0,
          19,
          0,
          0
        ],
        [
          13,
          0,
          0,
          6
        ],
        [
          1,
          0,
          1,
          17
        ]
      ]
    },
    {
      "epoch": 13,
      "train_loss": 0.5850361498693625,
      "val_loss": 0.5198096494925649,