{
  "summary": {
    "valence_accuracy": {
      "mean": 0.5966386554621849,
      "std": 0.0,
      "per_fold": [
        0.5966386554621849,
        0.5966386554621849
      ]
    },
    "arousal_accuracy": {
      "mean": 0.4012605042016807,
      "std": 0.0021008403361344463,
      "per_fold": [
        0.39915966386554624,
        0.40336134453781514
      ]
    }
  },
  "raw_data": {
    "folds": [
      {
        "fold": 0,
        "best_valence": 0.5966386554621849,
        "best_arousal": 0.39915966386554624,
        "n_epochs": 2
      },
      {
        "fold": 1,
        "best_valence": 0.5966386554621849,
        "best_arousal": 0.40336134453781514,
        "n_epochs": 2
      }
    ],
    "collected_accuracies": {
      "valence": [
        0.5966386554621849,
        0.5966386554621849
      ],
      "arousal": [
        0.39915966386554624,
        0.40336134453781514
      ]
    }
  }
}