{
  "performance_summary": {
    "valence_accuracy": {
      "mean": 0.7857123902024785,
      "std": 0.005174679189039562,
      "values": [
        0.7924528301886793,
        0.779874213836478,
        0.7848101265822784
      ]
    },
    "arousal_accuracy": {
      "mean": 0.8151421065201815,
      "std": 0.02123981396897389,
      "values": [
        0.8364779874213837,
        0.7861635220125787,
        0.8227848101265823
      ]
    }
  },
  "class_performance": {
    "valence": {
      "precision": [
        0.7419354838709677,
        0.9142857142857143,
        0.0,
        0.7398373983739838,
        0.8888888888888888,
        0.0,
        0.7419354838709677,
        0.9411764705882353,
        0.0
      ],
      "recall": [
        0.968421052631579,
        1.0,
        0.0,
        0.9578947368421052,
        1.0,
        0.0,
        0.9787234042553191,
        1.0,
        0.0
      ],
      "f1-score": [
        0.8401826484018264,
        0.9552238805970149,
        0.0,
        0.8348623853211009,
        0.9411764705882353,
        0.0,
        0.8440366972477065,
        0.9696969696969697,
        0.0
      ]
    },
    "arousal": {
      "precision": [
        0.6794871794871795,
        0.9142857142857143,
        0.7608695652173914,
        0.9705882352941176,
        0.9142857142857143,
        0.6666666666666666,
        1.0,
        0.9411764705882353,
        0.6813186813186813
      ],
      "recall": [
        0.828125,
        1.0,
        0.5555555555555556,
        0.515625,
        1.0,
        0.9523809523809523,
        0.5238095238095238,
        1.0,
        0.9841269841269841
      ],
      "f1-score": [
        0.7464788732394366,
        0.9552238805970149,
        0.6422018348623854,
        0.673469387755102,
        0.9552238805970149,
        0.7843137254901961,
        0.6875,
        0.9696969696969697,
        0.8051948051948052
      ]
    }
  },
  "training_time": {
    "total": 9211.85793352127,
    "mean_per_fold": 3070.619311173757
  }
}