{
  "fold": 1,
  "train_time": 480.6476855278015,
  "best_state_acc": 0.7894736842105263,
  "best_epoch": 17,
  "state_class_metrics": {
    "precision": [
      0.7254901960784313,
      1.0,
      0.375,
      0.8235294117647058
    ],
    "recall": [
      0.9736842105263158,
      1.0,
      0.15789473684210525,
      0.7368421052631579
    ],
    "f1-score": [
      0.8314606741573034,
      1.0,
      0.2222222222222222,
      0.7777777777777778
    ],
    "support": [
      38,
      19,
      19,
      19
    ],
    "macro_avg": {
      "precision": 0.7310049019607843,
      "recall": 0.7171052631578948,
      "f1-score": 0.7078651685393258,
      "support": 95
    }
  },
  "epochs": [
    {
      "epoch": 0,
      "train_loss": 1.3848461111386616,
      "val_loss": 1.342123626407824,
      "learning_rate": 0.0001,
      "state_train_acc": 0.33373397464553517,
      "state_val_acc": 0.4,
      "state_val_confusion": [
        [
          38,
          0,
          0,
          0
        ],
        [
          19,
          0,
          0,
          0
        ],
        [
          19,
          0,
          0,
          0
        ],
        [
          19,
          0,
          0,
          0
        ]
      ]
    },
    {
      "epoch": 1,
      "train_loss": 1.3406688074270885,
      "val_loss": 1.3383909576817563,
      "learning_rate": 0.0001,
      "state_train_acc": 0.3982371799647808,
      "state_val_acc": 0.4,
      "state_val_confusion": [
        [
          38,
          0,
          0,
          0
        ],
        [
          19,
          0,
          0,
          0
        ],
        [
          19,
          0,
          0,
          0
        ],
        [
          19,
          0,
          0,
          0
        ]
      ]
    },
    {
      "epoch": 2,
      "train_loss": 1.3422600328922272,
      "val_loss": 1.3279232288661755,
      "learning_rate": 0.0001,
      "state_train_acc": 0.3956330132981141,
      "state_val_acc": 0.4,
      "state_val_confusion": [
        [
          38,
          0,
          0,
          0
        ],
        [
          19,
          0,
          0,
          0
        ],
        [
          19,
          0,
          0,
          0
        ],
        [
          19,
          0,
          0,
          0
        ]
      ]
    },
    {
      "epoch": 3,
      "train_loss": 1.3466353118419647,
      "val_loss": 1.3194786096874036,
      "learning_rate": 0.0001,
      "state_train_acc": 0.38461538528402645,
      "state_val_acc": 0.4,
      "state_val_confusion": [
        [
          38,
          0,
          0,
          0
        ],
        [
          19,
          0,
          0,
          0
        ],
        [
          19,
          0,
          0,
          0
        ],
        [
          19,
          0,
          0,
          0
        ]
      ]
    },
    {
      "epoch": 4,
      "train_loss": 1.250457430879275,
      "val_loss": 1.1171920713625456,
      "learning_rate": 0.0001,
      "state_train_acc": 0.43129006524880725,
      "state_val_acc": 0.47368421052631576,
      "state_val_confusion": [
        [
          34,
          0,
          0,
          4
        ],
        [
          19,
          0,
          0,
          0
        ],
        [
          18,
          0,
          0,
          1
        ],
        [
          8,
          0,
          0,
          11
        ]
      ]
    },
    {
      "epoch": 5,
      "train_loss": 1.002901588877042,
      "val_loss": 0.8752648880607203,
      "learning_rate": 0.0001,
      "state_train_acc": 0.5953525652488073,
      "state_val_acc": 0.5578947368421052,
      "state_val_confusion": [
        [
          16,
          0,
          9,
          13
        ],
        [
          3,
          16,
          0,
          0
        ],
        [
          9,
          0,
          2,
          8
        ],
        [
          0,
          0,
          0,
          19
        ]
      ]
    },
    {
      "epoch": 6,
      "train_loss": 0.7477593744794527,
      "val_loss": 0.6463302072725798,
      "learning_rate": 0.0001,
      "state_train_acc": 0.6967147439718246,
      "state_val_acc": 0.7368421052631579,
      "state_val_confusion": [
        [
          37,
          0,
          1,
          0
        ],
        [
          0,
          19,
          0,
          0
        ],
        [
          15,
          0,
          1,
          3
        ],
        [
          5,
          0,
          1,
          13
        ]
      ]
    },
    {
      "epoch": 7,
      "train_loss": 0.6595348392923673,
      "val_loss": 0.5824095914238377,
      "learning_rate": 0.0001,
      "state_train_acc": 0.7137419879436493,
      "state_val_acc": 0.7789473684210526,
      "state_val_confusion": [
        [
          36,
          1,
          1,
          0
        ],
        [
          0,
          19,
          0,
          0
        ],
        [
          13,
          0,
          1,
          5
        ],
        [
          1,
          0,
          0,
          18
        ]
      ]
    },
    {
      "epoch": 8,
      "train_loss": 0.6135850337644418,
      "val_loss": 0.58521125755812,
      "learning_rate": 0.0001,
      "state_train_acc": 0.7285657078027725,
      "state_val_acc": 0.7473684210526316,
      "state_val_confusion": [
        [
          31,
          0,
          5,
          2
        ],
        [
          0,
          19,
          0,
          0
        ],
        [
          11,
          0,
          2,
          6
        ],
        [
          0,
          0,
          0,
          19
        ]
      ]
    },
    {
      "epoch": 9,
      "train_loss": 0.6163208552946647,
      "val_loss": 0.6510583218775298,
      "learning_rate": 1e-05,
      "state_train_acc": 0.7363782078027725,
      "state_val_acc": 0.7052631578947368,
      "state_val_confusion": [
        [
          37,
          1,
          0,
          0
        ],
        [
          0,
          19,
          0,
          0
        ],
        [
          16,
          0,
          3,
          0
        ],
        [
          6,
          0,
          5,
          8
        ]
      ]
    },
    {
      "epoch": 10,
      "train_loss": 0.6117069659133753,
      "val_loss": 0.5493287324905396,
      "learning_rate": 1e-05,
      "state_train_acc": 0.739182693262895,
      "state_val_acc": 0.7368421052631579,
      "state_val_confusion": [
        [
          35,
          0,
          3,
          0
        ],
        [
          0,
          19,
          0,
          0
        ],
        [
          11,
          0,
          5,
          3
        ],
        [
          0,
          0,
          8,
          11
        ]
      ]
    },
    {
      "epoch": 11,
      "train_loss": 0.5769660870234171,
      "val_loss": 0.5428915808075353,
      "learning_rate": 1e-05,
      "state_train_acc": 0.7319711546103159,
      "state_val_acc": 0.7263157894736842,
      "state_val_confusion": [
        [
          35,
          0,
          3,
          0
        ],
        [
          0,
          19,
          0,
          0
        ],
        [
          13,
          0,
          3,
          3
        ],
        [
          0,
          0,
          7,
          12
        ]
      ]
    },
    {
      "epoch": 12,
      "train_loss": 0.5725501465300719,
      "val_loss": 0.5396996711429797,
      "learning_rate": 1e-05,
      "state_train_acc": 0.7279647439718246,
      "state_val_acc": 0.7368421052631579,
      "state_val_confusion": [
        [
          35,
          0,
          3,
          0
        ],
        [
          0,
          19,
          0,
          0
        ],
        [
          12,
          0,
          4,
          3
        ],
        [
          0,
          0,
          7,
          12
        ]
      ]
    },
    {
      "epoch": 13,
      "train_loss": 0.5668532115717729,
      "val_loss": 0.5363739691282573,