{
  "fold": 3,
  "train_time": 405.7152624130249,
  "best_state_acc": 0.7684210526315789,
  "best_epoch": 12,
  "state_class_metrics": {
    "precision": [
      0.75,
      1.0,
      0.42105263157894735,
      0.7142857142857143
    ],
    "recall": [
      0.7105263157894737,
      1.0,
      0.42105263157894735,
      0.7894736842105263
    ],
    "f1-score": [
      0.7297297297297297,
      1.0,
      0.42105263157894735,
      0.75
    ],
    "support": [
      38,
      19,
      19,
      19
    ],
    "macro_avg": {
      "precision": 0.7213345864661654,
      "recall": 0.730263157894737,
      "f1-score": 0.7251955903271693,
      "support": 95
    }
  },
  "epochs": [
    {
      "epoch": 0,
      "train_loss": 1.3752481589714687,
      "val_loss": 1.357991029086866,
      "learning_rate": 0.0001,
      "state_train_acc": 0.38060897464553517,
      "state_val_acc": 0.4,
      "state_val_confusion": [
        [
          38,
          0,
          0,
          0
        ],
        [
          19,
          0,
          0,
          0
        ],
        [
          19,
          0,
          0,
          0
        ],
        [
          19,
          0,
          0,
          0
        ]
      ]
    },
    {
      "epoch": 1,
      "train_loss": 1.3586825678745906,
      "val_loss": 1.3319191179777448,
      "learning_rate": 0.0001,
      "state_train_acc": 0.39423077056805295,
      "state_val_acc": 0.4,
      "state_val_confusion": [
        [
          38,
          0,
          0,
          0
        ],
        [
          19,
          0,
          0,
          0
        ],
        [
          19,
          0,
          0,
          0
        ],
        [
          19,
          0,
          0,
          0
        ]
      ]
    },
    {
      "epoch": 2,
      "train_loss": 1.348020926117897,
      "val_loss": 1.4131479150370547,
      "learning_rate": 0.0001,
      "state_train_acc": 0.3741987186173598,
      "state_val_acc": 0.4,
      "state_val_confusion": [
        [
          38,
          0,
          0,
          0
        ],
        [
          19,
          0,
          0,
          0
        ],
        [
          19,
          0,
          0,
          0
        ],
        [
          19,
          0,
          0,
          0
        ]
      ]
    },
    {
      "epoch": 3,
      "train_loss": 1.3310436109701793,
      "val_loss": 1.3369406900907819,
      "learning_rate": 0.0001,
      "state_train_acc": 0.3988381413122018,
      "state_val_acc": 0.4421052631578947,
      "state_val_confusion": [
        [
          38,
          0,
          0,
          0
        ],
        [
          19,
          0,
          0,
          0
        ],
        [
          19,
          0,
          0,
          0
        ],
        [
          15,
          0,
          0,
          4
        ]
      ]
    },
    {
      "epoch": 4,
      "train_loss": 1.2873228192329407,
      "val_loss": 1.330968763953761,
      "learning_rate": 0.0001,
      "state_train_acc": 0.4164663466314475,
      "state_val_acc": 0.30526315789473685,
      "state_val_confusion": [
        [
          17,
          21,
          0,
          0
        ],
        [
          7,
          12,
          0,
          0
        ],
        [
          14,
          5,
          0,
          0
        ],
        [
          10,
          9,
          0,
          0
        ]
      ]
    },
    {
      "epoch": 5,
      "train_loss": 1.1897126610080402,
      "val_loss": 1.0146100445797568,
      "learning_rate": 0.0001,
      "state_train_acc": 0.4443108985821406,
      "state_val_acc": 0.5894736842105263,
      "state_val_confusion": [
        [
          30,
          5,
          0,
          3
        ],
        [
          5,
          14,
          0,
          0
        ],
        [
          16,
          0,
          0,
          3
        ],
        [
          7,
          0,
          0,
          12
        ]
      ]
    },
    {
      "epoch": 6,
      "train_loss": 0.8872612242897352,
      "val_loss": 0.7525297102175261,
      "learning_rate": 0.0001,
      "state_train_acc": 0.6726762826244036,
      "state_val_acc": 0.6947368421052632,
      "state_val_confusion": [
        [
          29,
          2,
          3,
          4
        ],
        [
          0,
          19,
          0,
          0
        ],
        [
          12,
          0,
          2,
          5
        ],
        [
          3,
          0,
          0,
          16
        ]
      ]
    },
    {
      "epoch": 7,
      "train_loss": 0.7347541178266207,
      "val_loss": 0.6548043608665466,
      "learning_rate": 0.0001,
      "state_train_acc": 0.693509615957737,
      "state_val_acc": 0.7157894736842105,
      "state_val_confusion": [
        [
          31,
          1,
          6,
          0
        ],
        [
          0,
          19,
          0,
          0
        ],
        [
          14,
          0,
          4,
          1
        ],
        [
          2,
          0,
          3,
          14
        ]
      ]
    },
    {
      "epoch": 8,
      "train_loss": 0.6766276645163695,
      "val_loss": 0.6377743790024205,
      "learning_rate": 0.0001,
      "state_train_acc": 0.715745193262895,
      "state_val_acc": 0.7052631578947368,
      "state_val_confusion": [
        [
          34,
          2,
          2,
          0
        ],
        [
          0,
          19,
          0,
          0
        ],
        [
          15,
          0,
          3,
          1
        ],
        [
          4,
          0,
          4,
          11
        ]
      ]
    },
    {
      "epoch": 9,
      "train_loss": 0.6501545036832491,
      "val_loss": 0.642631176898354,
      "learning_rate": 0.0001,
      "state_train_acc": 0.7085336546103159,
      "state_val_acc": 0.7578947368421053,
      "state_val_confusion": [
        [
          37,
          1,
          0,
          0
        ],
        [
          0,
          19,
          0,
          0
        ],
        [
          15,
          0,
          0,
          4
        ],
        [
          3,
          0,
          0,
          16
        ]
      ]
    },
    {
      "epoch": 10,
      "train_loss": 0.6164321079850197,
      "val_loss": 0.5636780782749778,
      "learning_rate": 0.0001,
      "state_train_acc": 0.7449919879436493,
      "state_val_acc": 0.7473684210526316,
      "state_val_confusion": [
        [
          31,
          1,
          6,
          0
        ],
        [
          0,
          19,
          0,
          0
        ],
        [
          12,
          0,
          4,
          3
        ],
        [
          1,
          0,
          1,
          17
        ]
      ]
    },
    {
      "epoch": 11,
      "train_loss": 0.5953077537318071,
      "val_loss": 0.6235126865537544,
      "learning_rate": 0.0001,
      "state_train_acc": 0.7209535265962282,
      "state_val_acc": 0.7368421052631579,
      "state_val_confusion": [
        [
          28,
          1,
          7,
          2
        ],
        [
          0,
          19,
          0,
          0
        ],
        [
          8,
          0,
          5,
          6
        ],
        [
          1,
          0,
          0,
          18
        ]
      ]
    },
    {
      "epoch": 12,
      "train_loss": 0.5782059617340565,
      "val_loss": 0.5410046320212515,
      "learning_rate": 0.0001,
      "state_train_acc": 0.7385817319154739,
      "state_val_acc": 0.7684210526315789,
      "state_val_confusion": [
        [
          35,
          1,
          2,
          0
        ],
        [
          0,
          19,
          0,
          0
        ],
        [
          13,
          0,
          2,
          4
        ],
        [
          1,
          0,
          1,
          17
        ]
      ]
    },
    {
      "epoch": 13,
      "train_loss": 0.5517527237534523,
      "val_loss": 0.5238171749993374,