{
  "fold": 3,
  "train_time": 425.799928188324,
  "best_state_acc": 0.7894736842105263,
  "best_epoch": 13,
  "state_class_metrics": {
    "precision": [
      0.8064516129032258,
      1.0,
      0.41935483870967744,
      0.6428571428571429
    ],
    "recall": [
      0.6578947368421053,
      1.0,
      0.6842105263157895,
      0.47368421052631576
    ],
    "f1-score": [
      0.7246376811594203,
      1.0,
      0.52,
      0.5454545454545454
    ],
    "support": [
      38,
      19,
      19,
      19
    ],
    "macro_avg": {
      "precision": 0.7171658986175115,
      "recall": 0.7039473684210527,
      "f1-score": 0.6975230566534915,
      "support": 95
    }
  },
  "epochs": [
    {
      "epoch": 0,
      "train_loss": 1.375241552790006,
      "val_loss": 1.3476623171254207,
      "learning_rate": 0.0001,
      "state_train_acc": 0.3733974372347196,
      "state_val_acc": 0.4,
      "state_val_confusion": [
        [
          38,
          0,
          0,
          0
        ],
        [
          19,
          0,
          0,
          0
        ],
        [
          19,
          0,
          0,
          0
        ],
        [
          19,
          0,
          0,
          0
        ]
      ]
    },
    {
      "epoch": 1,
      "train_loss": 1.338079849878947,
      "val_loss": 1.3351188847893163,
      "learning_rate": 0.0001,
      "state_train_acc": 0.3904246799647808,
      "state_val_acc": 0.4,
      "state_val_confusion": [
        [
          38,
          0,
          0,
          0
        ],
        [
          19,
          0,
          0,
          0
        ],
        [
          19,
          0,
          0,
          0
        ],
        [
          19,
          0,
          0,
          0
        ]
      ]
    },
    {
      "epoch": 2,
      "train_loss": 1.3604440490404766,
      "val_loss": 1.3455806970596313,
      "learning_rate": 0.0001,
      "state_train_acc": 0.3902243599295616,
      "state_val_acc": 0.4,
      "state_val_confusion": [
        [
          38,
          0,
          0,
          0
        ],
        [
          19,
          0,
          0,
          0
        ],
        [
          19,
          0,
          0,
          0
        ],
        [
          19,
          0,
          0,
          0
        ]
      ]
    },
    {
      "epoch": 3,
      "train_loss": 1.321244736512502,
      "val_loss": 1.2751249463934646,
      "learning_rate": 0.0001,
      "state_train_acc": 0.3896233985821406,
      "state_val_acc": 0.4,
      "state_val_confusion": [
        [
          38,
          0,
          0,
          0
        ],
        [
          19,
          0,
          0,
          0
        ],
        [
          19,
          0,
          0,
          0
        ],
        [
          19,
          0,
          0,
          0
        ]
      ]
    },
    {
      "epoch": 4,
      "train_loss": 1.1378306125601132,
      "val_loss": 1.0089508822089748,
      "learning_rate": 0.0001,
      "state_train_acc": 0.5308493599295616,
      "state_val_acc": 0.5368421052631579,
      "state_val_confusion": [
        [
          25,
          13,
          0,
          0
        ],
        [
          0,
          19,
          0,
          0
        ],
        [
          19,
          0,
          0,
          0
        ],
        [
          11,
          1,
          0,
          7
        ]
      ]
    },
    {
      "epoch": 5,
      "train_loss": 0.7831484278043112,
      "val_loss": 0.6787989334056251,
      "learning_rate": 0.0001,
      "state_train_acc": 0.6798878212769827,
      "state_val_acc": 0.7263157894736842,
      "state_val_confusion": [
        [
          35,
          1,
          0,
          2
        ],
        [
          0,
          19,
          0,
          0
        ],
        [
          15,
          0,
          0,
          4
        ],
        [
          4,
          0,
          0,
          15
        ]
      ]
    },
    {
      "epoch": 6,
      "train_loss": 0.665440255155166,
      "val_loss": 0.6132614543563442,
      "learning_rate": 0.0001,
      "state_train_acc": 0.7209535265962282,
      "state_val_acc": 0.7368421052631579,
      "state_val_confusion": [
        [
          35,
          1,
          2,
          0
        ],
        [
          0,
          19,
          0,
          0
        ],
        [
          14,
          0,
          0,
          5
        ],
        [
          3,
          0,
          0,
          16
        ]
      ]
    },
    {
      "epoch": 7,
      "train_loss": 0.6164853995045027,
      "val_loss": 0.5926682353019714,
      "learning_rate": 0.0001,
      "state_train_acc": 0.7227564106384913,
      "state_val_acc": 0.7473684210526316,
      "state_val_confusion": [
        [
          37,
          1,
          0,
          0
        ],
        [
          0,
          19,
          0,
          0
        ],
        [
          14,
          0,
          4,
          1
        ],
        [
          3,
          0,
          5,
          11
        ]
      ]
    },
    {
      "epoch": 8,
      "train_loss": 0.6194205060601234,
      "val_loss": 0.5767212328157927,
      "learning_rate": 0.0001,
      "state_train_acc": 0.7215544879436493,
      "state_val_acc": 0.7578947368421053,
      "state_val_confusion": [
        [
          35,
          1,
          0,
          2
        ],
        [
          0,
          19,
          0,
          0
        ],
        [
          12,
          0,
          1,
          6
        ],
        [
          1,
          0,
          1,
          17
        ]
      ]
    },
    {
      "epoch": 9,
      "train_loss": 0.6009205294152101,
      "val_loss": 0.5663150404628955,
      "learning_rate": 0.0001,
      "state_train_acc": 0.7397836546103159,
      "state_val_acc": 0.7684210526315789,
      "state_val_confusion": [
        [
          35,
          1,
          2,
          0
        ],
        [
          0,
          19,
          0,
          0
        ],
        [
          13,
          0,
          5,
          1
        ],
        [
          1,
          0,
          4,
          14
        ]
      ]
    },
    {
      "epoch": 10,
      "train_loss": 0.5765908844769001,
      "val_loss": 0.5774208100218522,
      "learning_rate": 0.0001,
      "state_train_acc": 0.7201522439718246,
      "state_val_acc": 0.7684210526315789,
      "state_val_confusion": [
        [
          35,
          1,
          2,
          0
        ],
        [
          0,
          19,
          0,
          0
        ],
        [
          13,
          0,
          5,
          1
        ],
        [
          1,
          0,
          4,
          14
        ]
      ]
    },
    {
      "epoch": 11,
      "train_loss": 0.5550640138487021,
      "val_loss": 0.5529327417674818,
      "learning_rate": 0.0001,
      "state_train_acc": 0.7574118599295616,
      "state_val_acc": 0.7473684210526316,
      "state_val_confusion": [
        [
          35,
          1,
          1,
          1
        ],
        [
          0,
          19,
          0,
          0
        ],
        [
          13,
          0,
          0,
          6
        ],
        [
          1,
          0,
          1,
          17
        ]
      ]
    },
    {
      "epoch": 12,
      "train_loss": 0.5710343519846598,
      "val_loss": 0.5228595488949825,
      "learning_rate": 0.0001,
      "state_train_acc": 0.732572115957737,
      "state_val_acc": 0.7789473684210526,
      "state_val_confusion": [
        [
          34,
          1,
          3,
          0
        ],
        [
          0,
          19,
          0,
          0
        ],
        [
          11,
          0,
          7,
          1
        ],
        [
          1,
          0,
          4,
          14
        ]
      ]
    },
    {
      "epoch": 13,
      "train_loss": 0.539636263002952,
      "val_loss": 0.5213726743271476,