{
  "fold": 3,
  "train_time": 483.35391569137573,
  "best_state_acc": 0.8,
  "best_epoch": 25,
  "state_class_metrics": {
    "precision": [
      0.7073170731707317,
      1.0,
      0.375,
      0.9090909090909091
    ],
    "recall": [
      0.7631578947368421,
      1.0,
      0.47368421052631576,
      0.5263157894736842
    ],
    "f1-score": [
      0.7341772151898734,
      1.0,
      0.4186046511627907,
      0.6666666666666666
    ],
    "support": [
      38,
      19,
      19,
      19
    ],
    "macro_avg": {
      "precision": 0.7478519955654102,
      "recall": 0.6907894736842105,
      "f1-score": 0.7048621332548326,
      "support": 95
    }
  },
  "epochs": [
    {
      "epoch": 0,
      "train_loss": 1.3862569083770115,
      "val_loss": 1.3336140293824046,
      "learning_rate": 0.0001,
      "state_train_acc": 0.2972756413122018,
      "state_val_acc": 0.4,
      "state_val_confusion": [
        [
          38,
          0,
          0,
          0
        ],
        [
          19,
          0,
          0,
          0
        ],
        [
          19,
          0,
          0,
          0
        ],
        [
          19,
          0,
          0,
          0
        ]
      ]
    },
    {
      "epoch": 1,
      "train_loss": 1.3621341933806737,
      "val_loss": 1.3452653985274465,
      "learning_rate": 0.0001,
      "state_train_acc": 0.3968349372347196,
      "state_val_acc": 0.4,
      "state_val_confusion": [
        [
          38,
          0,
          0,
          0
        ],
        [
          19,
          0,
          0,
          0
        ],
        [
          19,
          0,
          0,
          0
        ],
        [
          19,
          0,
          0,
          0
        ]
      ]
    },
    {
      "epoch": 2,
      "train_loss": 1.347160612543424,
      "val_loss": 1.3261774188593813,
      "learning_rate": 0.0001,
      "state_train_acc": 0.39162660390138626,
      "state_val_acc": 0.4,
      "state_val_confusion": [
        [
          38,
          0,
          0,
          0
        ],
        [
          19,
          0,
          0,
          0
        ],
        [
          19,
          0,
          0,
          0
        ],
        [
          19,
          0,
          0,
          0
        ]
      ]
    },
    {
      "epoch": 3,
      "train_loss": 1.3210672338803608,
      "val_loss": 1.3957840166593853,
      "learning_rate": 0.0001,
      "state_train_acc": 0.3930288466314475,
      "state_val_acc": 0.22105263157894736,
      "state_val_confusion": [
        [
          3,
          0,
          0,
          35
        ],
        [
          0,
          0,
          0,
          19
        ],
        [
          3,
          0,
          0,
          16
        ],
        [
          1,
          0,
          0,
          18
        ]
      ]
    },
    {
      "epoch": 4,
      "train_loss": 1.3117165913184483,
      "val_loss": 1.282522493914554,
      "learning_rate": 0.0001,
      "state_train_acc": 0.39222756524880725,
      "state_val_acc": 0.4,
      "state_val_confusion": [
        [
          14,
          6,
          15,
          3
        ],
        [
          7,
          12,
          0,
          0
        ],
        [
          10,
          0,
          5,
          4
        ],
        [
          1,
          0,
          11,
          7
        ]
      ]
    },
    {
      "epoch": 5,
      "train_loss": 1.053644798696041,
      "val_loss": 0.8227307708639847,
      "learning_rate": 0.0001,
      "state_train_acc": 0.5945512826244036,
      "state_val_acc": 0.7052631578947368,
      "state_val_confusion": [
        [
          34,
          1,
          2,
          1
        ],
        [
          0,
          19,
          0,
          0
        ],
        [
          15,
          0,
          2,
          2
        ],
        [
          7,
          0,
          0,
          12
        ]
      ]
    },
    {
      "epoch": 6,
      "train_loss": 0.7047792995969454,
      "val_loss": 0.6631693149867811,
      "learning_rate": 0.0001,
      "state_train_acc": 0.7285657078027725,
      "state_val_acc": 0.7473684210526316,
      "state_val_confusion": [
        [
          35,
          1,
          0,
          2
        ],
        [
          0,
          19,
          0,
          0
        ],
        [
          13,
          0,
          0,
          6
        ],
        [
          2,
          0,
          0,
          17
        ]
      ]
    },
    {
      "epoch": 7,
      "train_loss": 0.6412623996535937,
      "val_loss": 0.6414655547392996,
      "learning_rate": 0.0001,
      "state_train_acc": 0.7051282078027725,
      "state_val_acc": 0.7473684210526316,
      "state_val_confusion": [
        [
          35,
          1,
          0,
          2
        ],
        [
          0,
          19,
          0,
          0
        ],
        [
          14,
          0,
          0,
          5
        ],
        [
          2,
          0,
          0,
          17
        ]
      ]
    },
    {
      "epoch": 8,
      "train_loss": 0.6440551082293192,
      "val_loss": 0.6003346185935171,
      "learning_rate": 0.0001,
      "state_train_acc": 0.724759615957737,
      "state_val_acc": 0.7263157894736842,
      "state_val_confusion": [
        [
          31,
          1,
          6,
          0
        ],
        [
          0,
          19,
          0,
          0
        ],
        [
          12,
          0,
          2,
          5
        ],
        [
          1,
          0,
          1,
          17
        ]
      ]
    },
    {
      "epoch": 9,
      "train_loss": 0.5899878603716692,
      "val_loss": 0.5953463441447208,
      "learning_rate": 0.0001,
      "state_train_acc": 0.7259615411361059,
      "state_val_acc": 0.7684210526315789,
      "state_val_confusion": [
        [
          35,
          1,
          2,
          0
        ],
        [
          0,
          19,
          0,
          0
        ],
        [
          14,
          0,
          2,
          3
        ],
        [
          2,
          0,
          0,
          17
        ]
      ]
    },
    {
      "epoch": 10,
      "train_loss": 0.5784080276886622,
      "val_loss": 0.6025731670229059,
      "learning_rate": 0.0001,
      "state_train_acc": 0.7299679492910703,
      "state_val_acc": 0.7263157894736842,
      "state_val_confusion": [
        [
          33,
          1,
          2,
          2
        ],
        [
          0,
          19,
          0,
          0
        ],
        [
          13,
          0,
          0,
          6
        ],
        [
          1,
          0,
          1,
          17
        ]
      ]
    },
    {
      "epoch": 11,
      "train_loss": 0.6477051253120104,
      "val_loss": 0.6314563136351736,
      "learning_rate": 0.0001,
      "state_train_acc": 0.7221554492910703,
      "state_val_acc": 0.7368421052631579,
      "state_val_confusion": [
        [
          33,
          1,
          2,
          2
        ],
        [
          0,
          19,
          0,
          0
        ],
        [
          12,
          0,
          0,
          7
        ],
        [
          1,
          0,
          0,
          18
        ]
      ]
    },
    {
      "epoch": 12,
      "train_loss": 0.5942953067521254,
      "val_loss": 0.572398410972796,
      "learning_rate": 0.0001,
      "state_train_acc": 0.7371794879436493,
      "state_val_acc": 0.7157894736842105,
      "state_val_confusion": [
        [
          31,
          1,
          6,
          0
        ],
        [
          0,
          19,
          0,
          0
        ],
        [
          13,
          0,
          1,
          5
        ],
        [
          1,
          0,
          1,
          17
        ]
      ]
    },
    {
      "epoch": 13,
      "train_loss": 0.5544974133372307,
      "val_loss": 0.5822825274969402,