{
  "fold": 0,
  "train_time": 325.91908717155457,
  "best_state_acc": 0.8229166666666666,
  "best_epoch": 16,
  "state_class_metrics": {
    "precision": [
      0.8181818181818182,
      0.8695652173913043,
      0.6,
      0.75
    ],
    "recall": [
      0.7297297297297297,
      1.0,
      0.6,
      0.7894736842105263
    ],
    "f1-score": [
      0.7714285714285715,
      0.9302325581395349,
      0.6,
      0.7692307692307693
    ],
    "support": [
      37,
      20,
      20,
      19
    ],
    "macro_avg": {
      "precision": 0.7594367588932807,
      "recall": 0.779800853485064,
      "f1-score": 0.7677229746997188,
      "support": 96
    }
  },
  "epochs": [
    {
      "epoch": 0,
      "train_loss": 1.4000229736169179,
      "val_loss": 1.3474948406219482,
      "learning_rate": 0.0001,
      "state_train_acc": 0.375,
      "state_val_acc": 0.3854166666666667,
      "state_val_confusion": [
        [
          37,
          0,
          0,
          0
        ],
        [
          20,
          0,
          0,
          0
        ],
        [
          20,
          0,
          0,
          0
        ],
        [
          19,
          0,
          0,
          0
        ]
      ]
    },
    {
      "epoch": 1,
      "train_loss": 1.3595352570215862,
      "val_loss": 1.3406927585601807,
      "learning_rate": 0.0001,
      "state_train_acc": 0.3654513905445735,
      "state_val_acc": 0.3854166666666667,
      "state_val_confusion": [
        [
          37,
          0,
          0,
          0
        ],
        [
          20,
          0,
          0,
          0
        ],
        [
          20,
          0,
          0,
          0
        ],
        [
          19,
          0,
          0,
          0
        ]
      ]
    },
    {
      "epoch": 2,
      "train_loss": 1.3431133379538853,
      "val_loss": 1.347399910291036,
      "learning_rate": 0.0001,
      "state_train_acc": 0.3984375,
      "state_val_acc": 0.3854166666666667,
      "state_val_confusion": [
        [
          37,
          0,
          0,
          0
        ],
        [
          20,
          0,
          0,
          0
        ],
        [
          20,
          0,
          0,
          0
        ],
        [
          19,
          0,
          0,
          0
        ]
      ]
    },
    {
      "epoch": 3,
      "train_loss": 1.3419849475224812,
      "val_loss": 1.3234559496243794,
      "learning_rate": 0.0001,
      "state_train_acc": 0.4027777786056201,
      "state_val_acc": 0.3854166666666667,
      "state_val_confusion": [
        [
          37,
          0,
          0,
          0
        ],
        [
          20,
          0,
          0,
          0
        ],
        [
          20,
          0,
          0,
          0
        ],
        [
          19,
          0,
          0,
          0
        ]
      ]
    },
    {
      "epoch": 4,
      "train_loss": 1.308511644601822,
      "val_loss": 1.172713081041972,
      "learning_rate": 0.0001,
      "state_train_acc": 0.421875,
      "state_val_acc": 0.40625,
      "state_val_confusion": [
        [
          37,
          0,
          0,
          0
        ],
        [
          20,
          0,
          0,
          0
        ],
        [
          20,
          0,
          0,
          0
        ],
        [
          17,
          0,
          0,
          2
        ]
      ]
    },
    {
      "epoch": 5,
      "train_loss": 0.9771845117211342,
      "val_loss": 0.7312176922957102,
      "learning_rate": 0.0001,
      "state_train_acc": 0.6024305572112402,
      "state_val_acc": 0.7291666666666666,
      "state_val_confusion": [
        [
          34,
          2,
          0,
          1
        ],
        [
          0,
          20,
          0,
          0
        ],
        [
          15,
          0,
          0,
          5
        ],
        [
          2,
          1,
          0,
          16
        ]
      ]
    },
    {
      "epoch": 6,
      "train_loss": 0.6524519075949987,
      "val_loss": 0.657535120844841,
      "learning_rate": 0.0001,
      "state_train_acc": 0.7300347238779068,
      "state_val_acc": 0.7291666666666666,
      "state_val_confusion": [
        [
          29,
          2,
          6,
          0
        ],
        [
          0,
          20,
          0,
          0
        ],
        [
          13,
          0,
          7,
          0
        ],
        [
          0,
          1,
          4,
          14
        ]
      ]
    },
    {
      "epoch": 7,
      "train_loss": 0.6121841594576836,
      "val_loss": 0.6242130349079767,
      "learning_rate": 0.0001,
      "state_train_acc": 0.7404513905445734,
      "state_val_acc": 0.7291666666666666,
      "state_val_confusion": [
        [
          35,
          2,
          0,
          0
        ],
        [
          0,
          20,
          0,
          0
        ],
        [
          14,
          0,
          0,
          6
        ],
        [
          2,
          1,
          1,
          15
        ]
      ]
    },
    {
      "epoch": 8,
      "train_loss": 0.5584315583109856,
      "val_loss": 0.6057632664839426,
      "learning_rate": 0.0001,
      "state_train_acc": 0.7456597238779068,
      "state_val_acc": 0.7291666666666666,
      "state_val_confusion": [
        [
          22,
          2,
          13,
          0
        ],
        [
          0,
          20,
          0,
          0
        ],
        [
          2,
          0,
          13,
          5
        ],
        [
          0,
          1,
          3,
          15
        ]
      ]
    },
    {
      "epoch": 9,
      "train_loss": 0.5111416776974996,
      "val_loss": 0.5848121345043182,
      "learning_rate": 0.0001,
      "state_train_acc": 0.7638888905445734,
      "state_val_acc": 0.75,
      "state_val_confusion": [
        [
          25,
          2,
          10,
          0
        ],
        [
          0,
          20,
          0,
          0
        ],
        [
          2,
          0,
          12,
          6
        ],
        [
          3,
          1,
          0,
          15
        ]
      ]
    },
    {
      "epoch": 10,
      "train_loss": 0.5459331298867861,
      "val_loss": 0.5617509136597315,
      "learning_rate": 0.0001,
      "state_train_acc": 0.75,
      "state_val_acc": 0.7604166666666666,
      "state_val_confusion": [
        [
          32,
          2,
          3,
          0
        ],
        [
          0,
          20,
          0,
          0
        ],
        [
          8,
          0,
          6,
          6
        ],
        [
          3,
          1,
          0,
          15
        ]
      ]
    },
    {
      "epoch": 11,
      "train_loss": 0.4787374921143055,
      "val_loss": 0.5969113707542419,
      "learning_rate": 0.0001,
      "state_train_acc": 0.7734375,
      "state_val_acc": 0.7604166666666666,
      "state_val_confusion": [
        [
          35,
          2,
          0,
          0
        ],
        [
          0,
          20,
          0,
          0
        ],
        [
          12,
          0,
          3,
          5
        ],
        [
          3,
          1,
          0,
          15
        ]
      ]
    },
    {
      "epoch": 12,
      "train_loss": 0.46644315992792446,
      "val_loss": 0.5865642031033834,
      "learning_rate": 0.0001,
      "state_train_acc": 0.7682291666666666,
      "state_val_acc": 0.75,
      "state_val_confusion": [
        [
          25,
          2,
          10,
          0
        ],
        [
          0,
          20,
          0,
          0
        ],
        [
          2,
          0,
          12,
          6
        ],
        [
          3,
          1,
          0,
          15
        ]
      ]
    },
    {
      "epoch": 13,
      "train_loss": 0.4816583053519328,
      "val_loss": 0.612831731637319,
      "learning_rate": 0.0001,