{
  "fold": 2,
  "train_time": 408.48781180381775,
  "best_state_acc": 0.7684210526315789,
  "best_epoch": 16,
  "state_class_metrics": {
    "precision": [
      0.8846153846153846,
      0.95,
      0.44,
      0.7083333333333334
    ],
    "recall": [
      0.6052631578947368,
      1.0,
      0.5789473684210527,
      0.8947368421052632
    ],
    "f1-score": [
      0.71875,
      0.9743589743589743,
      0.5,
      0.7906976744186046
    ],
    "support": [
      38,
      19,
      19,
      19
    ],
    "macro_avg": {
      "precision": 0.7457371794871795,
      "recall": 0.7697368421052632,
      "f1-score": 0.7459516621943948,
      "support": 95
    }
  },
  "epochs": [
    {
      "epoch": 0,
      "train_loss": 1.3967676361401875,
      "val_loss": 1.3581198366064775,
      "learning_rate": 0.0001,
      "state_train_acc": 0.3818108985821406,
      "state_val_acc": 0.4,
      "state_val_confusion": [
        [
          38,
          0,
          0,
          0
        ],
        [
          19,
          0,
          0,
          0
        ],
        [
          19,
          0,
          0,
          0
        ],
        [
          19,
          0,
          0,
          0
        ]
      ]
    },
    {
      "epoch": 1,
      "train_loss": 1.3605470806360245,
      "val_loss": 1.354188353136966,
      "learning_rate": 0.0001,
      "state_train_acc": 0.3701923079788685,
      "state_val_acc": 0.4,
      "state_val_confusion": [
        [
          38,
          0,
          0,
          0
        ],
        [
          19,
          0,
          0,
          0
        ],
        [
          19,
          0,
          0,
          0
        ],
        [
          19,
          0,
          0,
          0
        ]
      ]
    },
    {
      "epoch": 2,
      "train_loss": 1.3448240906000137,
      "val_loss": 1.3226996321427196,
      "learning_rate": 0.0001,
      "state_train_acc": 0.38721955195069313,
      "state_val_acc": 0.4,
      "state_val_confusion": [
        [
          38,
          0,
          0,
          0
        ],
        [
          19,
          0,
          0,
          0
        ],
        [
          19,
          0,
          0,
          0
        ],
        [
          19,
          0,
          0,
          0
        ]
      ]
    },
    {
      "epoch": 3,
      "train_loss": 1.3089302529891331,
      "val_loss": 1.2485735566992509,
      "learning_rate": 0.0001,
      "state_train_acc": 0.3904246799647808,
      "state_val_acc": 0.4,
      "state_val_confusion": [
        [
          38,
          0,
          0,
          0
        ],
        [
          19,
          0,
          0,
          0
        ],
        [
          19,
          0,
          0,
          0
        ],
        [
          19,
          0,
          0,
          0
        ]
      ]
    },
    {
      "epoch": 4,
      "train_loss": 1.186228906114896,
      "val_loss": 0.8859341244948538,
      "learning_rate": 0.0001,
      "state_train_acc": 0.44891827056805295,
      "state_val_acc": 0.6736842105263158,
      "state_val_confusion": [
        [
          31,
          4,
          0,
          3
        ],
        [
          0,
          19,
          0,
          0
        ],
        [
          15,
          0,
          0,
          4
        ],
        [
          5,
          0,
          0,
          14
        ]
      ]
    },
    {
      "epoch": 5,
      "train_loss": 0.7984938596685728,
      "val_loss": 0.6869103619926854,
      "learning_rate": 0.0001,
      "state_train_acc": 0.7071314106384913,
      "state_val_acc": 0.7052631578947368,
      "state_val_confusion": [
        [
          33,
          5,
          0,
          0
        ],
        [
          0,
          19,
          0,
          0
        ],
        [
          13,
          0,
          0,
          6
        ],
        [
          4,
          0,
          0,
          15
        ]
      ]
    },
    {
      "epoch": 6,
      "train_loss": 0.6886228869358698,
      "val_loss": 0.6514285219343086,
      "learning_rate": 0.0001,
      "state_train_acc": 0.7109375,
      "state_val_acc": 0.7263157894736842,
      "state_val_confusion": [
        [
          33,
          4,
          0,
          1
        ],
        [
          0,
          19,
          0,
          0
        ],
        [
          13,
          0,
          0,
          6
        ],
        [
          2,
          0,
          0,
          17
        ]
      ]
    },
    {
      "epoch": 7,
      "train_loss": 0.6399896716078123,
      "val_loss": 0.5962649960266916,
      "learning_rate": 0.0001,
      "state_train_acc": 0.7139423079788685,
      "state_val_acc": 0.6421052631578947,
      "state_val_confusion": [
        [
          28,
          4,
          6,
          0
        ],
        [
          0,
          19,
          0,
          0
        ],
        [
          13,
          0,
          0,
          6
        ],
        [
          1,
          0,
          4,
          14
        ]
      ]
    },
    {
      "epoch": 8,
      "train_loss": 0.5939700206120809,
      "val_loss": 0.5748000508860538,
      "learning_rate": 0.0001,
      "state_train_acc": 0.717548077305158,
      "state_val_acc": 0.7578947368421053,
      "state_val_confusion": [
        [
          37,
          1,
          0,
          0
        ],
        [
          0,
          19,
          0,
          0
        ],
        [
          13,
          0,
          0,
          6
        ],
        [
          2,
          0,
          1,
          16
        ]
      ]
    },
    {
      "epoch": 9,
      "train_loss": 0.59245111917456,
      "val_loss": 0.6944338371879176,
      "learning_rate": 0.0001,
      "state_train_acc": 0.732572115957737,
      "state_val_acc": 0.7263157894736842,
      "state_val_confusion": [
        [
          34,
          4,
          0,
          0
        ],
        [
          0,
          19,
          0,
          0
        ],
        [
          13,
          0,
          0,
          6
        ],
        [
          3,
          0,
          0,
          16
        ]
      ]
    },
    {
      "epoch": 10,
      "train_loss": 0.5560668601344029,
      "val_loss": 0.5422088265419006,
      "learning_rate": 0.0001,
      "state_train_acc": 0.7554086546103159,
      "state_val_acc": 0.7473684210526316,
      "state_val_confusion": [
        [
          35,
          2,
          0,
          1
        ],
        [
          0,
          19,
          0,
          0
        ],
        [
          13,
          0,
          0,
          6
        ],
        [
          2,
          0,
          0,
          17
        ]
      ]
    },
    {
      "epoch": 11,
      "train_loss": 0.5398185855398575,
      "val_loss": 0.5563805956589548,
      "learning_rate": 0.0001,
      "state_train_acc": 0.756009615957737,
      "state_val_acc": 0.6947368421052632,
      "state_val_confusion": [
        [
          19,
          3,
          15,
          1
        ],
        [
          0,
          19,
          0,
          0
        ],
        [
          2,
          0,
          11,
          6
        ],
        [
          2,
          0,
          0,
          17
        ]
      ]
    },
    {
      "epoch": 12,
      "train_loss": 0.5267214719206095,
      "val_loss": 0.5638531854278163,
      "learning_rate": 0.0001,
      "state_train_acc": 0.7483974372347196,
      "state_val_acc": 0.7368421052631579,
      "state_val_confusion": [
        [
          24,
          4,
          10,
          0
        ],
        [
          0,
          19,
          0,
          0
        ],
        [
          2,
          0,
          15,
          2
        ],
        [
          2,
          0,
          5,
          12
        ]
      ]
    },
    {
      "epoch": 13,
      "train_loss": 0.512747964511315,
      "val_loss": 0.5417544829218011,