{
  "fold": 2,
  "best_valence_acc": 0.7848101265822784,
  "best_arousal_acc": 0.8227848101265823,
  "best_epoch": 10,
  "train_time": 3109.8987996578217,
  "valence_class_metrics": {
    "0": {
      "precision": 0.7419354838709677,
      "recall": 0.9787234042553191,
      "f1-score": 0.8440366972477065,
      "support": 94
    },
    "1": {
      "precision": 0.9411764705882353,
      "recall": 1.0,
      "f1-score": 0.9696969696969697,
      "support": 32
    },
    "2": {
      "precision": 0.0,
      "recall": 0.0,
      "f1-score": 0.0,
      "support": 32
    },
    "macro avg": {
      "precision": 0.5610373181530677,
      "recall": 0.6595744680851063,
      "f1-score": 0.6045778889815587,
      "support": 158
    },
    "weighted avg": {
      "precision": 0.6320226743208514,
      "recall": 0.7848101265822784,
      "f1-score": 0.6985427377948572,
      "support": 158
    }
  },
  "arousal_class_metrics": {
    "0": {
      "precision": 1.0,
      "recall": 0.5238095238095238,
      "f1-score": 0.6875,
      "support": 63
    },
    "1": {
      "precision": 0.9411764705882353,
      "recall": 1.0,
      "f1-score": 0.9696969696969697,
      "support": 32
    },
    "2": {
      "precision": 0.6813186813186813,
      "recall": 0.9841269841269841,
      "f1-score": 0.8051948051948052,
      "support": 63
    },
    "macro avg": {
      "precision": 0.8741650506356389,
      "recall": 0.8359788359788359,
      "f1-score": 0.8207972582972584,
      "support": 158
    },
    "weighted avg": {
      "precision": 0.8610172403917751,
      "recall": 0.8037974683544303,
      "f1-score": 0.7915827579593403,
      "support": 158
    }
  },
  "epochs": [
    {
      "epoch": 0,
      "train_loss": 2.091872954368591,
      "val_loss": 2.03591638878931,
      "valence_train_acc": 0.5758333325386047,
      "valence_val_acc": 0.5949367088607594,
      "arousal_train_acc": 0.37729166746139525,
      "arousal_val_acc": 0.3987341772151899,
      "learning_rate": 0.0001,
      "valence_val_confusion": [
        [
          94,
          0,
          0
        ],
        [
          32,
          0,
          0
        ],
        [
          32,
          0,
          0
        ]
      ],
      "arousal_val_confusion": [
        [
          0,
          0,
          63
        ],
        [
          0,
          0,
          32
        ],
        [
          0,
          0,
          63
        ]
      ]
    },
    {
      "epoch": 1,
      "train_loss": 2.0408694982528686,
      "val_loss": 2.0181270701975764,
      "valence_train_acc": 0.5977083325386048,
      "valence_val_acc": 0.5949367088607594,
      "arousal_train_acc": 0.40020833611488343,
      "arousal_val_acc": 0.3987341772151899,
      "learning_rate": 0.0001,
      "valence_val_confusion": [
        [
          94,
          0,
          0
        ],
        [
          32,
          0,
          0
        ],
        [
          32,
          0,
          0
        ]
      ],
      "arousal_val_confusion": [
        [
          63,
          0,
          0
        ],
        [
          32,
          0,
          0
        ],
        [
          63,
          0,
          0
        ]
      ]
    },
    {
      "epoch": 2,
      "train_loss": 2.0195188999176024,
      "val_loss": 2.032402714596519,
      "valence_train_acc": 0.5977083325386048,
      "valence_val_acc": 0.5949367088607594,
      "arousal_train_acc": 0.40875000059604644,
      "arousal_val_acc": 0.3987341772151899,
      "learning_rate": 0.0001,
      "valence_val_confusion": [
        [
          94,
          0,
          0
        ],
        [
          32,
          0,
          0
        ],
        [
          32,
          0,
          0
        ]
      ],
      "arousal_val_confusion": [
        [
          0,
          0,
          63
        ],
        [
          0,
          0,
          32
        ],
        [
          0,
          0,
          63
        ]
      ]
    },
    {
      "epoch": 3,
      "train_loss": 2.0241266250610352,
      "val_loss": 2.007995656774014,
      "valence_train_acc": 0.5981249988079071,
      "valence_val_acc": 0.5949367088607594,
      "arousal_train_acc": 0.39291666746139525,
      "arousal_val_acc": 0.3987341772151899,
      "learning_rate": 0.0001,
      "valence_val_confusion": [
        [
          94,
          0,
          0
        ],
        [
          32,
          0,
          0
        ],
        [
          32,
          0,
          0
        ]
      ],
      "arousal_val_confusion": [
        [
          63,
          0,
          0
        ],
        [
          32,
          0,
          0
        ],
        [
          63,
          0,
          0
        ]
      ]
    },
    {
      "epoch": 4,
      "train_loss": 2.0185548067092896,
      "val_loss": 1.9948077775255035,
      "valence_train_acc": 0.5979166686534881,
      "valence_val_acc": 0.5949367088607594,
      "arousal_train_acc": 0.45354166626930237,
      "arousal_val_acc": 0.3860759493670886,
      "learning_rate": 0.0001,
      "valence_val_confusion": [
        [
          94,
          0,
          0
        ],
        [
          32,
          0,
          0
        ],
        [
          32,
          0,
          0
        ]
      ],
      "arousal_val_confusion": [
        [
          47,
          0,
          16
        ],
        [
          27,
          0,
          5
        ],
        [
          49,
          0,
          14
        ]
      ]
    },
    {
      "epoch": 5,
      "train_loss": 2.003058338165283,
      "val_loss": 1.9868894196763824,
      "valence_train_acc": 0.5979166686534881,
      "valence_val_acc": 0.5949367088607594,
      "arousal_train_acc": 0.421875,
      "arousal_val_acc": 0.45569620253164556,
      "learning_rate": 0.0001,
      "valence_val_confusion": [
        [
          94,
          0,
          0
        ],
        [
          32,
          0,
          0
        ],
        [
          32,
          0,
          0
        ]
      ],
      "arousal_val_confusion": [
        [
          41,
          0,
          22
        ],
        [
          12,
          0,
          20
        ],
        [
          32,
          0,
          31
        ]
      ]
    },
    {
      "epoch": 6,
      "train_loss": 1.9893683195114136,
      "val_loss": 1.946302480335477,
      "valence_train_acc": 0.5970833361148834,
      "valence_val_acc": 0.5949367088607594,
      "arousal_train_acc": 0.46875,
      "arousal_val_acc": 0.4810126582278481,
      "learning_rate": 0.0001,
      "valence_val_confusion": [
        [
          94,
          0,
          0
        ],
        [
          32,
          0,
          0
        ],
        [
          32,
          0,
          0
        ]
      ],
      "arousal_val_confusion": [
        [
          40,
          0,
          23
        ],
        [
          7,
          0,
          25
        ],
        [
          27,
          0,
          36
        ]
      ]
    },
    {
      "epoch": 7,
      "train_loss": 1.9438717246055603,
      "val_loss": 1.8577917527548875,
      "valence_train_acc": 0.6016666650772095,
      "valence_val_acc": 0.5949367088607594,
      "arousal_train_acc": 0.42270833253860474,
      "arousal_val_acc": 0.4050632911392405,
      "learning_rate": 0.0001,
      "valence_val_confusion": [
        [
          94,
          0,
          0
        ],
        [
          32,
          0,
          0
        ],
        [
          32,
          0,
          0
        ]
      ],
      "arousal_val_confusion": [
        [
          53,
          0,
          10
        ],
        [
          17,
          0,
          15
        ],
        [
          52,
          0,
          11
        ]
      ]
    },
    {
      "epoch": 8,
      "train_loss": 1.7942566394805908,
      "val_loss": 1.6464764453187775,
      "valence_train_acc": 0.5975000023841858,
      "valence_val_acc": 0.5886075949367089,