{
  "fold": 2,
  "train_time": 308.4737060070038,
  "best_valence_acc": 0.6,
  "best_arousal_acc": 0.8736842105263158,
  "best_epoch": 0,
  "valence_class_metrics": {},
  "arousal_class_metrics": {},
  "epochs": [
    {
      "epoch": 0,
      "train_loss": 1.0852444892128308,
      "val_loss": 2.036990017639963,
      "learning_rate": 0.0001,
      "valence_train_acc": 0.5953525652488073,
      "valence_val_acc": 0.6,
      "arousal_train_acc": 0.39623397464553517,
      "arousal_val_acc": 0.4,
      "valence_val_confusion": [
        [
          57,
          0,
          0
        ],
        [
          19,
          0,
          0
        ],
        [
          19,
          0,
          0
        ]
      ],
      "arousal_val_confusion": [
        [
          38,
          0,
          0
        ],
        [
          19,
          0,
          0
        ],
        [
          38,
          0,
          0
        ]
      ]
    },
    {
      "epoch": 1,
      "train_loss": 1.073697457710902,
      "val_loss": 2.0717075172223542,
      "learning_rate": 0.0001,
      "valence_train_acc": 0.5933493599295616,
      "valence_val_acc": 0.6,
      "arousal_train_acc": 0.3852163466314475,
      "arousal_val_acc": 0.6210526315789474,
      "valence_val_confusion": [
        [
          57,
          0,
          0
        ],
        [
          19,
          0,
          0
        ],
        [
          19,
          0,
          0
        ]
      ],
      "arousal_val_confusion": [
        [
          28,
          0,
          10
        ],
        [
          0,
          0,
          19
        ],
        [
          7,
          0,
          31
        ]
      ]
    },
    {
      "epoch": 2,
      "train_loss": 1.1169687658548355,
      "val_loss": 2.0095741497842887,
      "learning_rate": 0.0001,
      "valence_train_acc": 0.5951522439718246,
      "valence_val_acc": 0.6,
      "arousal_train_acc": 0.4014423079788685,
      "arousal_val_acc": 0.5578947368421052,
      "valence_val_confusion": [
        [
          57,
          0,
          0
        ],
        [
          19,
          0,
          0
        ],
        [
          19,
          0,
          0
        ]
      ],
      "arousal_val_confusion": [
        [
          17,
          0,
          21
        ],
        [
          0,
          0,
          19
        ],
        [
          2,
          0,
          36
        ]
      ]
    },
    {
      "epoch": 3,
      "train_loss": 1.0493144989013672,
      "val_loss": 1.9769027986024554,
      "learning_rate": 0.0001,
      "valence_train_acc": 0.5971554492910703,
      "valence_val_acc": 0.6,
      "arousal_train_acc": 0.44631410390138626,
      "arousal_val_acc": 0.4,
      "valence_val_confusion": [
        [
          57,
          0,
          0
        ],
        [
          19,
          0,
          0
        ],
        [
          19,
          0,
          0
        ]
      ],
      "arousal_val_confusion": [
        [
          0,
          0,
          38
        ],
        [
          0,
          0,
          19
        ],
        [
          0,
          0,
          38
        ]
      ]
    },
    {
      "epoch": 4,
      "train_loss": 0.9887813081343969,
      "val_loss": 1.7701145197215833,
      "learning_rate": 0.0001,
      "valence_train_acc": 0.5991586546103159,
      "valence_val_acc": 0.6,
      "arousal_train_acc": 0.4364983985821406,
      "arousal_val_acc": 0.5684210526315789,
      "valence_val_confusion": [
        [
          57,
          0,
          0
        ],
        [
          19,
          0,
          0
        ],
        [
          19,
          0,
          0
        ]
      ],
      "arousal_val_confusion": [
        [
          17,
          0,
          21
        ],
        [
          0,
          0,
          19
        ],
        [
          1,
          0,
          37
        ]
      ]
    },
    {
      "epoch": 5,
      "train_loss": 0.6769380532205105,
      "val_loss": 1.511080056742618,
      "learning_rate": 0.0001,
      "valence_train_acc": 0.5342548079788685,
      "valence_val_acc": 0.4631578947368421,
      "arousal_train_acc": 0.6772836546103159,
      "arousal_val_acc": 0.7368421052631579,
      "valence_val_confusion": [
        [
          44,
          13,
          0
        ],
        [
          19,
          0,
          0
        ],
        [
          15,
          4,
          0
        ]
      ],
      "arousal_val_confusion": [
        [
          34,
          0,
          4
        ],
        [
          0,
          19,
          0
        ],
        [
          18,
          3,
          17
        ]
      ]
    },
    {
      "epoch": 6,
      "train_loss": 0.5424436119695505,
      "val_loss": 1.462946921900699,
      "learning_rate": 0.0001,
      "valence_train_acc": 0.4659455132981141,
      "valence_val_acc": 0.45263157894736844,
      "arousal_train_acc": 0.7670272439718246,
      "arousal_val_acc": 0.7789473684210526,
      "valence_val_confusion": [
        [
          43,
          14,
          0
        ],
        [
          8,
          0,
          11
        ],
        [
          13,
          6,
          0
        ]
      ],
      "arousal_val_confusion": [
        [
          28,
          0,
          10
        ],
        [
          0,
          19,
          0
        ],
        [
          9,
          2,
          27
        ]
      ]
    },
    {
      "epoch": 7,
      "train_loss": 0.44927152308324975,
      "val_loss": 1.4929022512937846,
      "learning_rate": 0.0001,
      "valence_train_acc": 0.46454327056805295,
      "valence_val_acc": 0.4105263157894737,
      "arousal_train_acc": 0.8217147439718246,
      "arousal_val_acc": 0.8,
      "valence_val_confusion": [
        [
          39,
          14,
          4
        ],
        [
          0,
          0,
          19
        ],
        [
          13,
          6,
          0
        ]
      ],
      "arousal_val_confusion": [
        [
          23,
          0,
          15
        ],
        [
          0,
          19,
          0
        ],
        [
          0,
          4,
          34
        ]
      ]
    },
    {
      "epoch": 8,
      "train_loss": 0.4691001611451308,
      "val_loss": 1.5045442229823063,
      "learning_rate": 0.0001,
      "valence_train_acc": 0.4268830132981141,
      "valence_val_acc": 0.42105263157894735,
      "arousal_train_acc": 0.7554086546103159,
      "arousal_val_acc": 0.8105263157894737,
      "valence_val_confusion": [
        [
          40,
          15,
          2
        ],
        [
          0,
          0,
          19
        ],
        [
          13,
          6,
          0
        ]
      ],
      "arousal_val_confusion": [
        [
          23,
          0,
          15
        ],
        [
          0,
          19,
          0
        ],
        [
          0,
          3,
          35
        ]
      ]
    },
    {
      "epoch": 9,
      "train_loss": 0.40672389542063075,
      "val_loss": 1.4586770459225302,
      "learning_rate": 0.0001,
      "valence_train_acc": 0.4405048079788685,
      "valence_val_acc": 0.42105263157894735,
      "arousal_train_acc": 0.8219150652488073,
      "arousal_val_acc": 0.8,
      "valence_val_confusion": [
        [
          40,
          15,
          2
        ],
        [
          0,
          0,
          19
        ],
        [
          13,
          6,
          0
        ]
      ],
      "arousal_val_confusion": [
        [
          23,
          0,
          15
        ],
        [
          0,
          19,
          0
        ],
        [
          1,
          3,
          34
        ]
      ]
    },
    {
      "epoch": 10,
      "train_loss": 0.3762193179378907,
      "val_loss": 1.4858229737532767,
      "learning_rate": 0.0001,
      "valence_train_acc": 0.44631410390138626,
      "valence_val_acc": 0.4105263157894737,