{
  "fold": 2,
  "train_time": 496.9261546134949,
  "best_state_acc": 0.7578947368421053,
  "best_epoch": 6,
  "state_class_metrics": {
    "precision": [
      0.7058823529411765,
      0.95,
      0.0,
      0.7272727272727273
    ],
    "recall": [
      0.9473684210526315,
      1.0,
      0.0,
      0.8421052631578947
    ],
    "f1-score": [
      0.8089887640449438,
      0.9743589743589743,
      0.0,
      0.7804878048780488
    ],
    "support": [
      38,
      19,
      19,
      19
    ],
    "macro_avg": {
      "precision": 0.7943850267379678,
      "recall": 0.9298245614035087,
      "f1-score": 0.8546118477606557,
      "support": 95
    }
  },
  "epochs": [
    {
      "epoch": 0,
      "train_loss": 1.3842191050450008,
      "val_loss": 1.3443345396142257,
      "learning_rate": 0.0001,
      "state_train_acc": 0.3669871799647808,
      "state_val_acc": 0.4,
      "state_val_confusion": [
        [
          38,
          0,
          0,
          0
        ],
        [
          19,
          0,
          0,
          0
        ],
        [
          19,
          0,
          0,
          0
        ],
        [
          19,
          0,
          0,
          0
        ]
      ]
    },
    {
      "epoch": 1,
      "train_loss": 1.3697893222173054,
      "val_loss": 1.3291203285518445,
      "learning_rate": 0.0001,
      "state_train_acc": 0.39423077056805295,
      "state_val_acc": 0.4,
      "state_val_confusion": [
        [
          38,
          0,
          0,
          0
        ],
        [
          19,
          0,
          0,
          0
        ],
        [
          19,
          0,
          0,
          0
        ],
        [
          19,
          0,
          0,
          0
        ]
      ]
    },
    {
      "epoch": 2,
      "train_loss": 1.358270838856697,
      "val_loss": 1.3667025829616346,
      "learning_rate": 0.0001,
      "state_train_acc": 0.3898237186173598,
      "state_val_acc": 0.4,
      "state_val_confusion": [
        [
          38,
          0,
          0,
          0
        ],
        [
          19,
          0,
          0,
          0
        ],
        [
          19,
          0,
          0,
          0
        ],
        [
          19,
          0,
          0,
          0
        ]
      ]
    },
    {
      "epoch": 3,
      "train_loss": 1.3430126011371613,
      "val_loss": 1.3135967104058517,
      "learning_rate": 0.0001,
      "state_train_acc": 0.40404647464553517,
      "state_val_acc": 0.4,
      "state_val_confusion": [
        [
          38,
          0,
          0,
          0
        ],
        [
          19,
          0,
          0,
          0
        ],
        [
          19,
          0,
          0,
          0
        ],
        [
          19,
          0,
          0,
          0
        ]
      ]
    },
    {
      "epoch": 4,
      "train_loss": 1.2911592622598012,
      "val_loss": 1.1518583649083187,
      "learning_rate": 0.0001,
      "state_train_acc": 0.43389423191547394,
      "state_val_acc": 0.45263157894736844,
      "state_val_confusion": [
        [
          36,
          0,
          0,
          2
        ],
        [
          15,
          4,
          0,
          0
        ],
        [
          19,
          0,
          0,
          0
        ],
        [
          16,
          0,
          0,
          3
        ]
      ]
    },
    {
      "epoch": 5,
      "train_loss": 0.986048566798369,
      "val_loss": 0.7302521197419417,
      "learning_rate": 0.0001,
      "state_train_acc": 0.6205929492910703,
      "state_val_acc": 0.7368421052631579,
      "state_val_confusion": [
        [
          35,
          1,
          0,
          2
        ],
        [
          1,
          18,
          0,
          0
        ],
        [
          13,
          0,
          0,
          6
        ],
        [
          2,
          0,
          0,
          17
        ]
      ]
    },
    {
      "epoch": 6,
      "train_loss": 0.7200026748081049,
      "val_loss": 0.6197617279855828,
      "learning_rate": 0.0001,
      "state_train_acc": 0.7377804492910703,
      "state_val_acc": 0.7578947368421053,
      "state_val_confusion": [
        [
          36,
          1,
          1,
          0
        ],
        [
          0,
          19,
          0,
          0
        ],
        [
          13,
          0,
          0,
          6
        ],
        [
          2,
          0,
          0,
          17
        ]
      ]
    },
    {
      "epoch": 7,
      "train_loss": 0.6369470742841562,
      "val_loss": 0.5800076948968987,
      "learning_rate": 0.0001,
      "state_train_acc": 0.75,
      "state_val_acc": 0.7578947368421053,
      "state_val_confusion": [
        [
          36,
          1,
          0,
          1
        ],
        [
          0,
          19,
          0,
          0
        ],
        [
          13,
          0,
          0,
          6
        ],
        [
          2,
          0,
          0,
          17
        ]
      ]
    },
    {
      "epoch": 8,
      "train_loss": 0.6083604184289774,
      "val_loss": 0.5619239223630805,
      "learning_rate": 0.0001,
      "state_train_acc": 0.7572115411361059,
      "state_val_acc": 0.7157894736842105,
      "state_val_confusion": [
        [
          34,
          3,
          1,
          0
        ],
        [
          0,
          19,
          0,
          0
        ],
        [
          13,
          0,
          0,
          6
        ],
        [
          2,
          0,
          2,
          15
        ]
      ]
    },
    {
      "epoch": 9,
      "train_loss": 0.5854728159805139,
      "val_loss": 0.6431531416742425,
      "learning_rate": 1e-05,
      "state_train_acc": 0.7443910265962282,
      "state_val_acc": 0.7578947368421053,
      "state_val_confusion": [
        [
          35,
          3,
          0,
          0
        ],
        [
          0,
          19,
          0,
          0
        ],
        [
          13,
          0,
          6,
          0
        ],
        [
          2,
          0,
          5,
          12
        ]
      ]
    },
    {
      "epoch": 10,
      "train_loss": 0.5993359945714474,
      "val_loss": 0.5425259797196639,
      "learning_rate": 1e-05,
      "state_train_acc": 0.7377804492910703,
      "state_val_acc": 0.7368421052631579,
      "state_val_confusion": [
        [
          36,
          1,
          1,
          0
        ],
        [
          0,
          19,
          0,
          0
        ],
        [
          13,
          0,
          0,
          6
        ],
        [
          2,
          0,
          2,
          15
        ]
      ]
    },
    {
      "epoch": 11,
      "train_loss": 0.5366765434543291,
      "val_loss": 0.5500096597169575,
      "learning_rate": 1e-05,
      "state_train_acc": 0.7520032078027725,
      "state_val_acc": 0.7473684210526316,
      "state_val_confusion": [
        [
          36,
          1,
          1,
          0
        ],
        [
          0,
          19,
          0,
          0
        ],
        [
          13,
          0,
          0,
          6
        ],
        [
          2,
          0,
          1,
          16
        ]
      ]
    },
    {
      "epoch": 12,
      "train_loss": 0.5510660993556181,
      "val_loss": 0.548475158214569,
      "learning_rate": 1e-05,
      "state_train_acc": 0.7618189106384913,
      "state_val_acc": 0.7473684210526316,
      "state_val_confusion": [
        [
          36,
          1,
          1,
          0
        ],
        [
          0,
          19,
          0,
          0
        ],
        [
          13,
          0,
          0,
          6
        ],
        [
          2,
          0,
          1,
          16
        ]
      ]
    },
    {
      "epoch": 13,
      "train_loss": 0.5404751530538002,
      "val_loss": 0.5519053741505272,
      "learning_rate": 1e-05,