{
  "fold": 1,
  "best_valence_acc": 0.779874213836478,
  "best_arousal_acc": 0.7861635220125787,
  "best_epoch": 14,
  "train_time": 3135.707134962082,
  "valence_class_metrics": {
    "0": {
      "precision": 0.7398373983739838,
      "recall": 0.9578947368421052,
      "f1-score": 0.8348623853211009,
      "support": 95
    },
    "1": {
      "precision": 0.8888888888888888,
      "recall": 1.0,
      "f1-score": 0.9411764705882353,
      "support": 32
    },
    "2": {
      "precision": 0.0,
      "recall": 0.0,
      "f1-score": 0.0,
      "support": 32
    },
    "macro avg": {
      "precision": 0.5429087624209575,
      "recall": 0.6526315789473683,
      "f1-score": 0.5920129519697787,
      "support": 159
    },
    "weighted avg": {
      "precision": 0.6209370898740434,
      "recall": 0.7735849056603774,
      "f1-score": 0.6882363123542647,
      "support": 159
    }
  },
  "arousal_class_metrics": {
    "0": {
      "precision": 0.9705882352941176,
      "recall": 0.515625,
      "f1-score": 0.673469387755102,
      "support": 64
    },
    "1": {
      "precision": 0.9142857142857143,
      "recall": 1.0,
      "f1-score": 0.9552238805970149,
      "support": 32
    },
    "2": {
      "precision": 0.6666666666666666,
      "recall": 0.9523809523809523,
      "f1-score": 0.7843137254901961,
      "support": 63
    },
    "macro avg": {
      "precision": 0.8505135387488328,
      "recall": 0.8226686507936508,
      "f1-score": 0.8043356646141043,
      "support": 159
    },
    "weighted avg": {
      "precision": 0.8388351567041912,
      "recall": 0.7861635220125787,
      "f1-score": 0.774094149064864,
      "support": 159
    }
  },
  "epochs": [
    {
      "epoch": 0,
      "train_loss": 2.164754366874695,
      "val_loss": 2.1137194513524853,
      "valence_train_acc": 0.5139008611440659,
      "valence_val_acc": 0.5974842767295597,
      "arousal_train_acc": 0.3772629305720329,
      "arousal_val_acc": 0.4025157232704403,
      "learning_rate": 0.0001,
      "valence_val_confusion": [
        [
          95,
          0,
          0
        ],
        [
          32,
          0,
          0
        ],
        [
          32,
          0,
          0
        ]
      ],
      "arousal_val_confusion": [
        [
          64,
          0,
          0
        ],
        [
          32,
          0,
          0
        ],
        [
          63,
          0,
          0
        ]
      ]
    },
    {
      "epoch": 1,
      "train_loss": 2.079658365249634,
      "val_loss": 2.0123968694195056,
      "valence_train_acc": 0.5980603456497192,
      "valence_val_acc": 0.5974842767295597,
      "arousal_train_acc": 0.3644396558403969,
      "arousal_val_acc": 0.4025157232704403,
      "learning_rate": 0.0001,
      "valence_val_confusion": [
        [
          95,
          0,
          0
        ],
        [
          32,
          0,
          0
        ],
        [
          32,
          0,
          0
        ]
      ],
      "arousal_val_confusion": [
        [
          64,
          0,
          0
        ],
        [
          32,
          0,
          0
        ],
        [
          63,
          0,
          0
        ]
      ]
    },
    {
      "epoch": 2,
      "train_loss": 2.0444846391677856,
      "val_loss": 2.031154085255269,
      "valence_train_acc": 0.5957974135875702,
      "valence_val_acc": 0.5974842767295597,
      "arousal_train_acc": 0.4163793116807938,
      "arousal_val_acc": 0.4025157232704403,
      "learning_rate": 0.0001,
      "valence_val_confusion": [
        [
          95,
          0,
          0
        ],
        [
          32,
          0,
          0
        ],
        [
          32,
          0,
          0
        ]
      ],
      "arousal_val_confusion": [
        [
          1,
          0,
          63
        ],
        [
          0,
          0,
          32
        ],
        [
          0,
          0,
          63
        ]
      ]
    },
    {
      "epoch": 3,
      "train_loss": 2.0507593631744383,
      "val_loss": 2.0088456111883968,
      "valence_train_acc": 0.5957974135875702,
      "valence_val_acc": 0.5974842767295597,
      "arousal_train_acc": 0.3494612067937851,
      "arousal_val_acc": 0.4025157232704403,
      "learning_rate": 0.0001,
      "valence_val_confusion": [
        [
          95,
          0,
          0
        ],
        [
          32,
          0,
          0
        ],
        [
          32,
          0,
          0
        ]
      ],
      "arousal_val_confusion": [
        [
          64,
          0,
          0
        ],
        [
          32,
          0,
          0
        ],
        [
          63,
          0,
          0
        ]
      ]
    },
    {
      "epoch": 4,
      "train_loss": 2.0423583149909974,
      "val_loss": 2.0080740766705207,
      "valence_train_acc": 0.5974137902259826,
      "valence_val_acc": 0.5974842767295597,
      "arousal_train_acc": 0.36260775923728944,
      "arousal_val_acc": 0.4025157232704403,
      "learning_rate": 0.0001,
      "valence_val_confusion": [
        [
          95,
          0,
          0
        ],
        [
          32,
          0,
          0
        ],
        [
          32,
          0,
          0
        ]
      ],
      "arousal_val_confusion": [
        [
          64,
          0,
          0
        ],
        [
          32,
          0,
          0
        ],
        [
          63,
          0,
          0
        ]
      ]
    },
    {
      "epoch": 5,
      "train_loss": 2.0119527220726012,
      "val_loss": 1.9918590176780269,
      "valence_train_acc": 0.5961206912994385,
      "valence_val_acc": 0.5974842767295597,
      "arousal_train_acc": 0.4057112067937851,
      "arousal_val_acc": 0.4088050314465409,
      "learning_rate": 0.0001,
      "valence_val_confusion": [
        [
          95,
          0,
          0
        ],
        [
          32,
          0,
          0
        ],
        [
          32,
          0,
          0
        ]
      ],
      "arousal_val_confusion": [
        [
          61,
          0,
          3
        ],
        [
          31,
          0,
          1
        ],
        [
          59,
          0,
          4
        ]
      ]
    },
    {
      "epoch": 6,
      "train_loss": 2.0349515080451965,
      "val_loss": 1.9905875403926057,
      "valence_train_acc": 0.5954741358757019,
      "valence_val_acc": 0.5974842767295597,
      "arousal_train_acc": 0.4295258611440659,
      "arousal_val_acc": 0.4025157232704403,
      "learning_rate": 0.0001,
      "valence_val_confusion": [
        [
          95,
          0,
          0
        ],
        [
          32,
          0,
          0
        ],
        [
          32,
          0,
          0
        ]
      ],
      "arousal_val_confusion": [
        [
          64,
          0,
          0
        ],
        [
          32,
          0,
          0
        ],
        [
          63,
          0,
          0
        ]
      ]
    },
    {
      "epoch": 7,
      "train_loss": 2.000982129573822,
      "val_loss": 1.9686011038486313,
      "valence_train_acc": 0.5951508611440659,
      "valence_val_acc": 0.5974842767295597,
      "arousal_train_acc": 0.4191810339689255,
      "arousal_val_acc": 0.4968553459119497,
      "learning_rate": 0.0001,
      "valence_val_confusion": [
        [
          95,
          0,
          0
        ],
        [
          32,
          0,
          0
        ],
        [
          32,
          0,
          0
        ]
      ],
      "arousal_val_confusion": [
        [
          28,
          0,
          36
        ],
        [
          0,
          0,
          32
        ],
        [
          12,
          0,
          51
        ]
      ]
    },
    {
      "epoch": 8,
      "train_loss": 1.9894833207130431,
      "val_loss": 1.9309369588048204,
      "valence_train_acc": 0.5974137902259826,