{
  "performance_summary": {
    "valence_accuracy": {
      "mean": 0.8214692982456141,
      "std": 0.010775647252717083,
      "values": [
        0.8020833333333334,
        0.8315789473684211,
        0.8315789473684211,
        0.8210526315789474,
        0.8210526315789474
      ]
    },
    "arousal_accuracy": {
      "mean": 0.8528508771929826,
      "std": 0.027787086775038546,
      "values": [
        0.8958333333333334,
        0.8315789473684211,
        0.8210526315789474,
        0.8736842105263158,
        0.8421052631578947
      ]
    }
  },
  "class_performance": {
    "valence": {
      "precision": [
        0.7361111111111112,
        0.9090909090909091,
        0.5,
        0.8125,
        0.95,
        0.6363636363636364,
        0.7567567567567568,
        0.95,
        1.0,
        0.9166666666666666,
        0.8636363636363636,
        0.6,
        0.7575757575757576,
        1.0,
        0.3
      ],
      "recall": [
        0.9464285714285714,
        1.0,
        0.05,
        0.9122807017543859,
        1.0,
        0.3684210526315789,
        0.9824561403508771,
        1.0,
        0.05263157894736842,
        0.7719298245614035,
        1.0,
        0.7894736842105263,
        0.8771929824561403,
        1.0,
        0.15789473684210525
      ],
      "f1-score": [
        0.828125,
        0.9523809523809523,
        0.09090909090909091,
        0.859504132231405,
        0.9743589743589743,
        0.4666666666666667,
        0.8549618320610687,
        0.9743589743589743,
        0.1,
        0.8380952380952381,
        0.926829268292683,
        0.6818181818181818,
        0.8130081300813008,
        1.0,
        0.20689655172413793
      ]
    },
    "arousal": {
      "precision": [
        0.9666666666666667,
        0.9523809523809523,
        0.7777777777777778,
        1.0,
        0.95,
        0.6607142857142857,
        0.9166666666666666,
        0.95,
        0.7058823529411765,
        0.8888888888888888,
        0.9047619047619048,
        0.8421052631578947,
        0.8709677419354839,
        0.95,
        0.7727272727272727
      ],
      "recall": [
        0.7435897435897436,
        1.0,
        0.9459459459459459,
        0.5,
        1.0,
        0.9736842105263158,
        0.5789473684210527,
        1.0,
        0.9473684210526315,
        0.8421052631578947,
        1.0,
        0.8421052631578947,
        0.7105263157894737,
        1.0,
        0.8947368421052632
      ],
      "f1-score": [
        0.8405797101449275,
        0.975609756097561,
        0.8536585365853658,
        0.6666666666666666,
        0.9743589743589743,
        0.7872340425531915,
        0.7096774193548387,
        0.9743589743589743,
        0.8089887640449438,
        0.8648648648648649,
        0.95,
        0.8421052631578947,
        0.782608695652174,
        0.9743589743589743,
        0.8292682926829268
      ]
    }
  },
  "training_time": {
    "total": 25873.16487121582,
    "mean_per_fold": 5174.632974243164
  }
}