{
  "fold": 1,
  "train_time": 503.410368680954,
  "best_state_acc": 0.8,
  "best_epoch": 15,
  "state_class_metrics": {
    "precision": [
      0.7804878048780488,
      1.0,
      0.4230769230769231,
      0.8888888888888888
    ],
    "recall": [
      0.8421052631578947,
      1.0,
      0.5789473684210527,
      0.42105263157894735
    ],
    "f1-score": [
      0.810126582278481,
      1.0,
      0.4888888888888889,
      0.5714285714285714
    ],
    "support": [
      38,
      19,
      19,
      19
    ],
    "macro_avg": {
      "precision": 0.7731134042109652,
      "recall": 0.7105263157894737,
      "f1-score": 0.7176110106489852,
      "support": 95
    }
  },
  "epochs": [
    {
      "epoch": 0,
      "train_loss": 1.3763284037510555,
      "val_loss": 1.349494090833162,
      "learning_rate": 0.0001,
      "state_train_acc": 0.3585737186173598,
      "state_val_acc": 0.4,
      "state_val_confusion": [
        [
          38,
          0,
          0,
          0
        ],
        [
          19,
          0,
          0,
          0
        ],
        [
          19,
          0,
          0,
          0
        ],
        [
          19,
          0,
          0,
          0
        ]
      ]
    },
    {
      "epoch": 1,
      "train_loss": 1.343314568201701,
      "val_loss": 1.337376322244343,
      "learning_rate": 0.0001,
      "state_train_acc": 0.3826121799647808,
      "state_val_acc": 0.4,
      "state_val_confusion": [
        [
          38,
          0,
          0,
          0
        ],
        [
          19,
          0,
          0,
          0
        ],
        [
          19,
          0,
          0,
          0
        ],
        [
          19,
          0,
          0,
          0
        ]
      ]
    },
    {
      "epoch": 2,
      "train_loss": 1.3392861386140187,
      "val_loss": 1.3168211773822183,
      "learning_rate": 0.0001,
      "state_train_acc": 0.3904246799647808,
      "state_val_acc": 0.4,
      "state_val_confusion": [
        [
          38,
          0,
          0,
          0
        ],
        [
          19,
          0,
          0,
          0
        ],
        [
          19,
          0,
          0,
          0
        ],
        [
          19,
          0,
          0,
          0
        ]
      ]
    },
    {
      "epoch": 3,
      "train_loss": 1.3165565927823384,
      "val_loss": 1.2670497442546644,
      "learning_rate": 0.0001,
      "state_train_acc": 0.3956330132981141,
      "state_val_acc": 0.4105263157894737,
      "state_val_confusion": [
        [
          38,
          0,
          0,
          0
        ],
        [
          18,
          1,
          0,
          0
        ],
        [
          19,
          0,
          0,
          0
        ],
        [
          19,
          0,
          0,
          0
        ]
      ]
    },
    {
      "epoch": 4,
      "train_loss": 1.1803576921423276,
      "val_loss": 0.8991544723510743,
      "learning_rate": 0.0001,
      "state_train_acc": 0.4397035265962283,
      "state_val_acc": 0.7263157894736842,
      "state_val_confusion": [
        [
          34,
          1,
          0,
          3
        ],
        [
          1,
          18,
          0,
          0
        ],
        [
          14,
          0,
          0,
          5
        ],
        [
          1,
          0,
          1,
          17
        ]
      ]
    },
    {
      "epoch": 5,
      "train_loss": 0.8313787952065468,
      "val_loss": 0.6478073107568841,
      "learning_rate": 0.0001,
      "state_train_acc": 0.6929086546103159,
      "state_val_acc": 0.7578947368421053,
      "state_val_confusion": [
        [
          37,
          1,
          0,
          0
        ],
        [
          0,
          19,
          0,
          0
        ],
        [
          14,
          0,
          0,
          5
        ],
        [
          3,
          0,
          0,
          16
        ]
      ]
    },
    {
      "epoch": 6,
      "train_loss": 0.703469113757213,
      "val_loss": 0.6309836274699161,
      "learning_rate": 0.0001,
      "state_train_acc": 0.7163461546103159,
      "state_val_acc": 0.7684210526315789,
      "state_val_confusion": [
        [
          35,
          0,
          0,
          3
        ],
        [
          0,
          19,
          0,
          0
        ],
        [
          12,
          0,
          0,
          7
        ],
        [
          0,
          0,
          0,
          19
        ]
      ]
    },
    {
      "epoch": 7,
      "train_loss": 0.6391150243580341,
      "val_loss": 0.5743805245349282,
      "learning_rate": 0.0001,
      "state_train_acc": 0.7383814106384913,
      "state_val_acc": 0.7368421052631579,
      "state_val_confusion": [
        [
          29,
          0,
          8,
          1
        ],
        [
          0,
          19,
          0,
          0
        ],
        [
          9,
          0,
          5,
          5
        ],
        [
          0,
          0,
          2,
          17
        ]
      ]
    },
    {
      "epoch": 8,
      "train_loss": 0.5892525451878706,
      "val_loss": 0.5093107750541286,
      "learning_rate": 0.0001,
      "state_train_acc": 0.7359775652488073,
      "state_val_acc": 0.7578947368421053,
      "state_val_confusion": [
        [
          38,
          0,
          0,
          0
        ],
        [
          0,
          19,
          0,
          0
        ],
        [
          14,
          0,
          0,
          5
        ],
        [
          2,
          0,
          2,
          15
        ]
      ]
    },
    {
      "epoch": 9,
      "train_loss": 0.53645616893967,
      "val_loss": 0.47585635216612565,
      "learning_rate": 0.0001,
      "state_train_acc": 0.7756410265962282,
      "state_val_acc": 0.7684210526315789,
      "state_val_confusion": [
        [
          36,
          0,
          1,
          1
        ],
        [
          0,
          19,
          0,
          0
        ],
        [
          13,
          0,
          1,
          5
        ],
        [
          2,
          0,
          0,
          17
        ]
      ]
    },
    {
      "epoch": 10,
      "train_loss": 0.5383543434242407,
      "val_loss": 0.47752493745402286,
      "learning_rate": 0.0001,
      "state_train_acc": 0.7598157078027725,
      "state_val_acc": 0.7368421052631579,
      "state_val_confusion": [
        [
          29,
          0,
          9,
          0
        ],
        [
          0,
          19,
          0,
          0
        ],
        [
          5,
          0,
          10,
          4
        ],
        [
          1,
          0,
          6,
          12
        ]
      ]
    },
    {
      "epoch": 11,
      "train_loss": 0.5203170366585255,
      "val_loss": 0.5226685894163031,
      "learning_rate": 0.0001,
      "state_train_acc": 0.780048077305158,
      "state_val_acc": 0.7473684210526316,
      "state_val_confusion": [
        [
          37,
          0,
          1,
          0
        ],
        [
          0,
          19,
          0,
          0
        ],
        [
          12,
          0,
          7,
          0
        ],
        [
          3,
          0,
          8,
          8
        ]
      ]
    },
    {
      "epoch": 12,
      "train_loss": 0.49678848311305046,
      "val_loss": 0.4590966858361897,
      "learning_rate": 0.0001,
      "state_train_acc": 0.7770432705680529,
      "state_val_acc": 0.7894736842105263,
      "state_val_confusion": [
        [
          32,
          0,
          5,
          1
        ],
        [
          0,
          19,
          0,
          0
        ],
        [
          7,
          0,
          7,
          5
        ],
        [
          2,
          0,
          0,
          17
        ]
      ]
    },
    {
      "epoch": 13,
      "train_loss": 0.4710194207727909,