{
  "fold": 2,
  "train_time": 533.3339574337006,
  "best_state_acc": 0.8105263157894737,
  "best_epoch": 31,
  "state_class_metrics": {
    "precision": [
      0.8125,
      0.95,
      0.47368421052631576,
      0.7083333333333334
    ],
    "recall": [
      0.6842105263157895,
      1.0,
      0.47368421052631576,
      0.8947368421052632
    ],
    "f1-score": [
      0.7428571428571429,
      0.9743589743589743,
      0.47368421052631576,
      0.7906976744186046
    ],
    "support": [
      38,
      19,
      19,
      19
    ],
    "macro_avg": {
      "precision": 0.7361293859649123,
      "recall": 0.7631578947368421,
      "f1-score": 0.7453995005402595,
      "support": 95
    }
  },
  "epochs": [
    {
      "epoch": 0,
      "train_loss": 1.3588910947243373,
      "val_loss": 1.3524968812340183,
      "learning_rate": 0.0001,
      "state_train_acc": 0.3784054492910703,
      "state_val_acc": 0.4,
      "state_val_confusion": [
        [
          38,
          0,
          0,
          0
        ],
        [
          19,
          0,
          0,
          0
        ],
        [
          19,
          0,
          0,
          0
        ],
        [
          19,
          0,
          0,
          0
        ]
      ]
    },
    {
      "epoch": 1,
      "train_loss": 1.3722843527793884,
      "val_loss": 1.3804857668123747,
      "learning_rate": 0.0001,
      "state_train_acc": 0.38461538528402645,
      "state_val_acc": 0.4,
      "state_val_confusion": [
        [
          38,
          0,
          0,
          0
        ],
        [
          19,
          0,
          0,
          0
        ],
        [
          19,
          0,
          0,
          0
        ],
        [
          19,
          0,
          0,
          0
        ]
      ]
    },
    {
      "epoch": 2,
      "train_loss": 1.3615335325400035,
      "val_loss": 1.3284608527233726,
      "learning_rate": 0.0001,
      "state_train_acc": 0.3840144233157237,
      "state_val_acc": 0.4,
      "state_val_confusion": [
        [
          38,
          0,
          0,
          0
        ],
        [
          19,
          0,
          0,
          0
        ],
        [
          19,
          0,
          0,
          0
        ],
        [
          19,
          0,
          0,
          0
        ]
      ]
    },
    {
      "epoch": 3,
      "train_loss": 1.331259508927663,
      "val_loss": 1.3065677015404953,
      "learning_rate": 0.0001,
      "state_train_acc": 0.4014423079788685,
      "state_val_acc": 0.4,
      "state_val_confusion": [
        [
          38,
          0,
          0,
          0
        ],
        [
          19,
          0,
          0,
          0
        ],
        [
          19,
          0,
          0,
          0
        ],
        [
          19,
          0,
          0,
          0
        ]
      ]
    },
    {
      "epoch": 4,
      "train_loss": 1.314990758895874,
      "val_loss": 1.2532820249858656,
      "learning_rate": 0.0001,
      "state_train_acc": 0.3890224372347196,
      "state_val_acc": 0.4,
      "state_val_confusion": [
        [
          38,
          0,
          0,
          0
        ],
        [
          19,
          0,
          0,
          0
        ],
        [
          19,
          0,
          0,
          0
        ],
        [
          19,
          0,
          0,
          0
        ]
      ]
    },
    {
      "epoch": 5,
      "train_loss": 1.204145262638728,
      "val_loss": 1.0104881349362824,
      "learning_rate": 0.0001,
      "state_train_acc": 0.46574519326289493,
      "state_val_acc": 0.5894736842105263,
      "state_val_confusion": [
        [
          28,
          7,
          0,
          3
        ],
        [
          1,
          18,
          0,
          0
        ],
        [
          17,
          1,
          0,
          1
        ],
        [
          9,
          0,
          0,
          10
        ]
      ]
    },
    {
      "epoch": 6,
      "train_loss": 0.897387313346068,
      "val_loss": 0.7163687818928769,
      "learning_rate": 0.0001,
      "state_train_acc": 0.668870193262895,
      "state_val_acc": 0.6947368421052632,
      "state_val_confusion": [
        [
          33,
          5,
          0,
          0
        ],
        [
          0,
          19,
          0,
          0
        ],
        [
          16,
          0,
          1,
          2
        ],
        [
          6,
          0,
          0,
          13
        ]
      ]
    },
    {
      "epoch": 7,
      "train_loss": 0.7011270634829998,
      "val_loss": 0.6008589637906928,
      "learning_rate": 0.0001,
      "state_train_acc": 0.7125400652488073,
      "state_val_acc": 0.6842105263157895,
      "state_val_confusion": [
        [
          31,
          1,
          6,
          0
        ],
        [
          0,
          19,
          0,
          0
        ],
        [
          13,
          0,
          3,
          3
        ],
        [
          1,
          0,
          6,
          12
        ]
      ]
    },
    {
      "epoch": 8,
      "train_loss": 0.68168805539608,
      "val_loss": 0.7012936347409299,
      "learning_rate": 0.0001,
      "state_train_acc": 0.6891025652488073,
      "state_val_acc": 0.6842105263157895,
      "state_val_confusion": [
        [
          27,
          1,
          0,
          10
        ],
        [
          0,
          19,
          0,
          0
        ],
        [
          12,
          0,
          0,
          7
        ],
        [
          0,
          0,
          0,
          19
        ]
      ]
    },
    {
      "epoch": 9,
      "train_loss": 0.6749935386081537,
      "val_loss": 0.6014878517703006,
      "learning_rate": 0.0001,
      "state_train_acc": 0.6911057705680529,
      "state_val_acc": 0.7473684210526316,
      "state_val_confusion": [
        [
          37,
          1,
          0,
          0
        ],
        [
          0,
          19,
          0,
          0
        ],
        [
          13,
          0,
          2,
          4
        ],
        [
          4,
          0,
          2,
          13
        ]
      ]
    },
    {
      "epoch": 10,
      "train_loss": 0.6236439434190592,
      "val_loss": 0.634782053922352,
      "learning_rate": 0.0001,
      "state_train_acc": 0.7299679492910703,
      "state_val_acc": 0.7578947368421053,
      "state_val_confusion": [
        [
          36,
          1,
          0,
          1
        ],
        [
          0,
          19,
          0,
          0
        ],
        [
          13,
          0,
          0,
          6
        ],
        [
          2,
          0,
          0,
          17
        ]
      ]
    },
    {
      "epoch": 11,
      "train_loss": 0.611597883204619,
      "val_loss": 0.5821896258153414,
      "learning_rate": 0.0001,
      "state_train_acc": 0.7111378212769827,
      "state_val_acc": 0.7473684210526316,
      "state_val_confusion": [
        [
          37,
          1,
          0,
          0
        ],
        [
          0,
          19,
          0,
          0
        ],
        [
          13,
          0,
          0,
          6
        ],
        [
          3,
          0,
          1,
          15
        ]
      ]
    },
    {
      "epoch": 12,
      "train_loss": 0.6278462323049704,
      "val_loss": 0.5656067678802892,
      "learning_rate": 0.0001,
      "state_train_acc": 0.7183493599295616,
      "state_val_acc": 0.6947368421052632,
      "state_val_confusion": [
        [
          33,
          1,
          4,
          0
        ],
        [
          0,
          19,
          0,
          0
        ],
        [
          13,
          0,
          0,
          6
        ],
        [
          1,
          0,
          4,
          14
        ]
      ]
    },
    {
      "epoch": 13,
      "train_loss": 0.5802457543710867,
      "val_loss": 0.576264298589606,