{
  "fold": 1,
  "best_valence_acc": 0.5966386554621849,
  "best_arousal_acc": 0.40336134453781514,
  "best_epoch": 0,
  "train_time": 585.5710306167603,
  "valence_class_metrics": {
    "0": {
      "precision": 0.5966386554621849,
      "recall": 1.0,
      "f1-score": 0.7473684210526316,
      "support": 142
    },
    "1": {
      "precision": 0.0,
      "recall": 0.0,
      "f1-score": 0.0,
      "support": 48
    },
    "2": {
      "precision": 0.0,
      "recall": 0.0,
      "f1-score": 0.0,
      "support": 48
    },
    "macro avg": {
      "precision": 0.19887955182072828,
      "recall": 0.3333333333333333,
      "f1-score": 0.24912280701754386,
      "support": 238
    },
    "weighted avg": {
      "precision": 0.3559776851917238,
      "recall": 0.5966386554621849,
      "f1-score": 0.44590888987173816,
      "support": 238
    }
  },
  "arousal_class_metrics": {
    "0": {
      "precision": 0.0,
      "recall": 0.0,
      "f1-score": 0.0,
      "support": 96
    },
    "1": {
      "precision": 0.0,
      "recall": 0.0,
      "f1-score": 0.0,
      "support": 48
    },
    "2": {
      "precision": 0.3949579831932773,
      "recall": 1.0,
      "f1-score": 0.5662650602409639,
      "support": 94
    },
    "macro avg": {
      "precision": 0.13165266106442577,
      "recall": 0.3333333333333333,
      "f1-score": 0.1887550200803213,
      "support": 238
    },
    "weighted avg": {
      "precision": 0.1559918084881011,
      "recall": 0.3949579831932773,
      "f1-score": 0.22365090614559077,
      "support": 238
    }
  },
  "epochs": [
    {
      "epoch": 0,
      "train_loss": 2.153024911880493,
      "val_loss": 2.0790738558568873,
      "valence_train_acc": 0.5200892873108387,
      "valence_val_acc": 0.5966386554621849,
      "arousal_train_acc": 0.3638392873108387,
      "arousal_val_acc": 0.40336134453781514,
      "learning_rate": 0.0001,
      "valence_val_confusion": [
        [
          142,
          0,
          0
        ],
        [
          48,
          0,
          0
        ],
        [
          48,
          0,
          0
        ]
      ],
      "arousal_val_confusion": [
        [
          96,
          0,
          0
        ],
        [
          48,
          0,
          0
        ],
        [
          94,
          0,
          0
        ]
      ]
    },
    {
      "epoch": 1,
      "train_loss": 2.0865638107061386,
      "val_loss": 2.0095921905100846,
      "valence_train_acc": 0.5959821417927742,
      "valence_val_acc": 0.5966386554621849,
      "arousal_train_acc": 0.390625,
      "arousal_val_acc": 0.3949579831932773,
      "learning_rate": 0.0001,
      "valence_val_confusion": [
        [
          142,
          0,
          0
        ],
        [
          48,
          0,
          0
        ],
        [
          48,
          0,
          0
        ]
      ],
      "arousal_val_confusion": [
        [
          0,
          0,
          96
        ],
        [
          0,
          0,
          48
        ],
        [
          0,
          0,
          94
        ]
      ]
    },
    {
      "epoch": 2,
      "train_loss": 2.0371391624212265,
      "val_loss": 2.024480688471754,
      "valence_train_acc": 0.5948660746216774,
      "valence_val_acc": 0.5966386554621849,
      "arousal_train_acc": 0.4375,
      "arousal_val_acc": 0.39915966386554624,
      "learning_rate": 0.0001,
      "valence_val_confusion": [
        [
          142,
          0,
          0
        ],
        [
          48,
          0,
          0
        ],
        [
          48,
          0,
          0
        ]
      ],
      "arousal_val_confusion": [
        [
          84,
          0,
          12
        ],
        [
          48,
          0,
          0
        ],
        [
          83,
          0,
          11
        ]
      ]
    },
    {
      "epoch": 3,
      "train_loss": 2.0055918097496033,
      "val_loss": 2.01332019557472,
      "valence_train_acc": 0.6099330335855484,
      "valence_val_acc": 0.5966386554621849,
      "arousal_train_acc": 0.4408482164144516,
      "arousal_val_acc": 0.3949579831932773,
      "learning_rate": 0.0001,
      "valence_val_confusion": [
        [
          142,
          0,
          0
        ],
        [
          48,
          0,
          0
        ],
        [
          48,
          0,
          0
        ]
      ],
      "arousal_val_confusion": [
        [
          0,
          0,
          96
        ],
        [
          0,
          0,
          48
        ],
        [
          0,
          0,
          94
        ]
      ]
    }
  ]
}