{
  "fold": 0,
  "train_time": 520.5232028961182,
  "best_state_acc": 0.8020833333333334,
  "best_epoch": 18,
  "state_class_metrics": {
    "precision": [
      0.8181818181818182,
      0.8695652173913043,
      0.6086956521739131,
      0.8235294117647058
    ],
    "recall": [
      0.7297297297297297,
      1.0,
      0.7,
      0.7368421052631579
    ],
    "f1-score": [
      0.7714285714285715,
      0.9302325581395349,
      0.6511627906976745,
      0.7777777777777778
    ],
    "support": [
      37,
      20,
      20,
      19
    ],
    "macro_avg": {
      "precision": 0.7799930248779354,
      "recall": 0.791642958748222,
      "f1-score": 0.7826504245108896,
      "support": 96
    }
  },
  "epochs": [
    {
      "epoch": 0,
      "train_loss": 1.361562967300415,
      "val_loss": 1.3470616141955059,
      "learning_rate": 0.0001,
      "state_train_acc": 0.3949652786056201,
      "state_val_acc": 0.3854166666666667,
      "state_val_confusion": [
        [
          37,
          0,
          0,
          0
        ],
        [
          20,
          0,
          0,
          0
        ],
        [
          20,
          0,
          0,
          0
        ],
        [
          19,
          0,
          0,
          0
        ]
      ]
    },
    {
      "epoch": 1,
      "train_loss": 1.3666754464308422,
      "val_loss": 1.3624183336893718,
      "learning_rate": 0.0001,
      "state_train_acc": 0.3697916666666667,
      "state_val_acc": 0.3854166666666667,
      "state_val_confusion": [
        [
          37,
          0,
          0,
          0
        ],
        [
          20,
          0,
          0,
          0
        ],
        [
          20,
          0,
          0,
          0
        ],
        [
          19,
          0,
          0,
          0
        ]
      ]
    },
    {
      "epoch": 2,
      "train_loss": 1.3469152847925823,
      "val_loss": 1.3628599047660828,
      "learning_rate": 0.0001,
      "state_train_acc": 0.37413194465140504,
      "state_val_acc": 0.3854166666666667,
      "state_val_confusion": [
        [
          37,
          0,
          0,
          0
        ],
        [
          20,
          0,
          0,
          0
        ],
        [
          20,
          0,
          0,
          0
        ],
        [
          19,
          0,
          0,
          0
        ]
      ]
    },
    {
      "epoch": 3,
      "train_loss": 1.344000478585561,
      "val_loss": 1.340300718943278,
      "learning_rate": 0.0001,
      "state_train_acc": 0.4027777786056201,
      "state_val_acc": 0.3854166666666667,
      "state_val_confusion": [
        [
          37,
          0,
          0,
          0
        ],
        [
          20,
          0,
          0,
          0
        ],
        [
          20,
          0,
          0,
          0
        ],
        [
          18,
          1,
          0,
          0
        ]
      ]
    },
    {
      "epoch": 4,
      "train_loss": 1.3485679527123768,
      "val_loss": 1.3572822014490764,
      "learning_rate": 0.0001,
      "state_train_acc": 0.3585069452722867,
      "state_val_acc": 0.3854166666666667,
      "state_val_confusion": [
        [
          37,
          0,
          0,
          0
        ],
        [
          20,
          0,
          0,
          0
        ],
        [
          20,
          0,
          0,
          0
        ],
        [
          19,
          0,
          0,
          0
        ]
      ]
    },
    {
      "epoch": 5,
      "train_loss": 1.3283934146165848,
      "val_loss": 1.2873010834058125,
      "learning_rate": 0.0001,
      "state_train_acc": 0.3932291666666667,
      "state_val_acc": 0.40625,
      "state_val_confusion": [
        [
          34,
          0,
          3,
          0
        ],
        [
          20,
          0,
          0,
          0
        ],
        [
          15,
          0,
          5,
          0
        ],
        [
          12,
          0,
          7,
          0
        ]
      ]
    },
    {
      "epoch": 6,
      "train_loss": 1.2708778828382492,
      "val_loss": 1.1364040772120159,
      "learning_rate": 0.0001,
      "state_train_acc": 0.3949652786056201,
      "state_val_acc": 0.4791666666666667,
      "state_val_confusion": [
        [
          36,
          0,
          0,
          1
        ],
        [
          20,
          0,
          0,
          0
        ],
        [
          19,
          0,
          0,
          1
        ],
        [
          9,
          0,
          0,
          10
        ]
      ]
    },
    {
      "epoch": 7,
      "train_loss": 0.9859585637847582,
      "val_loss": 0.7641410231590271,
      "learning_rate": 0.0001,
      "state_train_acc": 0.5954861119389534,
      "state_val_acc": 0.7083333333333334,
      "state_val_confusion": [
        [
          35,
          2,
          0,
          0
        ],
        [
          0,
          20,
          0,
          0
        ],
        [
          19,
          0,
          0,
          1
        ],
        [
          5,
          1,
          0,
          13
        ]
      ]
    },
    {
      "epoch": 8,
      "train_loss": 0.6874285054703554,
      "val_loss": 0.6460752884546915,
      "learning_rate": 0.0001,
      "state_train_acc": 0.72309027860562,
      "state_val_acc": 0.71875,
      "state_val_confusion": [
        [
          33,
          2,
          2,
          0
        ],
        [
          0,
          20,
          0,
          0
        ],
        [
          15,
          0,
          1,
          4
        ],
        [
          3,
          1,
          0,
          15
        ]
      ]
    },
    {
      "epoch": 9,
      "train_loss": 0.6214128695428371,
      "val_loss": 0.6909385522206625,
      "learning_rate": 0.0001,
      "state_train_acc": 0.7508680572112402,
      "state_val_acc": 0.7395833333333334,
      "state_val_confusion": [
        [
          34,
          2,
          1,
          0
        ],
        [
          0,
          20,
          0,
          0
        ],
        [
          15,
          0,
          5,
          0
        ],
        [
          3,
          1,
          3,
          12
        ]
      ]
    },
    {
      "epoch": 10,
      "train_loss": 0.6237953479091326,
      "val_loss": 0.6681697964668274,
      "learning_rate": 0.0001,
      "state_train_acc": 0.72309027860562,
      "state_val_acc": 0.7291666666666666,
      "state_val_confusion": [
        [
          35,
          2,
          0,
          0
        ],
        [
          0,
          20,
          0,
          0
        ],
        [
          15,
          0,
          0,
          5
        ],
        [
          3,
          1,
          0,
          15
        ]
      ]
    },
    {
      "epoch": 11,
      "train_loss": 0.590027547130982,
      "val_loss": 0.6385246614615122,
      "learning_rate": 0.0001,
      "state_train_acc": 0.7144097238779068,
      "state_val_acc": 0.75,
      "state_val_confusion": [
        [
          35,
          2,
          0,
          0
        ],
        [
          0,
          20,
          0,
          0
        ],
        [
          15,
          0,
          4,
          1
        ],
        [
          3,
          1,
          2,
          13
        ]
      ]
    },
    {
      "epoch": 12,
      "train_loss": 0.558445950349172,
      "val_loss": 0.6217187146345774,
      "learning_rate": 0.0001,
      "state_train_acc": 0.7604166666666666,
      "state_val_acc": 0.7604166666666666,
      "state_val_confusion": [
        [
          34,
          2,
          1,
          0
        ],
        [
          0,
          20,
          0,
          0
        ],
        [
          14,
          0,
          5,
          1
        ],
        [
          2,
          1,
          2,
          14
        ]
      ]
    },
    {
      "epoch": 13,