{
  "performance_summary": {
    "valence_accuracy": {
      "mean": 0.5966386554621849,
      "std": 0.0,
      "values": [
        0.5966386554621849,
        0.5966386554621849
      ]
    },
    "arousal_accuracy": {
      "mean": 0.4453781512605042,
      "std": 0.042016806722689065,
      "values": [
        0.48739495798319327,
        0.40336134453781514
      ]
    }
  },
  "class_performance": {
    "valence": {
      "precision": [
        0.5966386554621849,
        0.0,
        0.0,
        0.5966386554621849,
        0.0,
        0.0
      ],
      "recall": [
        1.0,
        0.0,
        0.0,
        1.0,
        0.0,
        0.0
      ],
      "f1-score": [
        0.7473684210526316,
        0.0,
        0.0,
        0.7473684210526316,
        0.0,
        0.0
      ]
    },
    "arousal": {
      "precision": [
        0.5357142857142857,
        0.0,
        0.461038961038961,
        0.0,
        0.0,
        0.3949579831932773
      ],
      "recall": [
        0.47368421052631576,
        0.0,
        0.7473684210526316,
        0.0,
        0.0,
        1.0
      ],
      "f1-score": [
        0.5027932960893855,
        0.0,
        0.570281124497992,
        0.0,
        0.0,
        0.5662650602409639
      ]
    }
  },
  "training_time": {
    "total": 1188.7719554901123,
    "mean_per_fold": 594.3859777450562
  }
}