{
  "fold": 0,
  "train_time": 356.2249128818512,
  "best_valence_acc": 0.5833333333333334,
  "best_arousal_acc": 0.8333333333333334,
  "best_epoch": 0,
  "valence_class_metrics": {},
  "arousal_class_metrics": {},
  "epochs": [
    {
      "epoch": 0,
      "train_loss": 1.1041622037688892,
      "val_loss": 2.1232137084007263,
      "learning_rate": 0.0001,
      "valence_train_acc": 0.5616319452722868,
      "valence_val_acc": 0.5833333333333334,
      "arousal_train_acc": 0.4027777786056201,
      "arousal_val_acc": 0.40625,
      "valence_val_confusion": [
        [
          56,
          0,
          0
        ],
        [
          20,
          0,
          0
        ],
        [
          20,
          0,
          0
        ]
      ],
      "arousal_val_confusion": [
        [
          39,
          0,
          0
        ],
        [
          20,
          0,
          0
        ],
        [
          37,
          0,
          0
        ]
      ]
    },
    {
      "epoch": 1,
      "train_loss": 1.0671384384234746,
      "val_loss": 2.148348649342855,
      "learning_rate": 0.0001,
      "valence_train_acc": 0.4270833333333333,
      "valence_val_acc": 0.5833333333333334,
      "arousal_train_acc": 0.4149305559694767,
      "arousal_val_acc": 0.3854166666666667,
      "valence_val_confusion": [
        [
          56,
          0,
          0
        ],
        [
          20,
          0,
          0
        ],
        [
          20,
          0,
          0
        ]
      ],
      "arousal_val_confusion": [
        [
          0,
          0,
          39
        ],
        [
          0,
          0,
          20
        ],
        [
          0,
          0,
          37
        ]
      ]
    },
    {
      "epoch": 2,
      "train_loss": 1.049261597295602,
      "val_loss": 2.1103250781695047,
      "learning_rate": 0.0001,
      "valence_train_acc": 0.5104166666666666,
      "valence_val_acc": 0.5833333333333334,
      "arousal_train_acc": 0.4583333333333333,
      "arousal_val_acc": 0.4166666666666667,
      "valence_val_confusion": [
        [
          56,
          0,
          0
        ],
        [
          20,
          0,
          0
        ],
        [
          20,
          0,
          0
        ]
      ],
      "arousal_val_confusion": [
        [
          3,
          0,
          36
        ],
        [
          0,
          0,
          20
        ],
        [
          0,
          0,
          37
        ]
      ]
    },
    {
      "epoch": 3,
      "train_loss": 1.0499411101142566,
      "val_loss": 2.117540796597799,
      "learning_rate": 0.0001,
      "valence_train_acc": 0.35763888930281,
      "valence_val_acc": 0.2604166666666667,
      "arousal_train_acc": 0.4383680572112401,
      "arousal_val_acc": 0.4375,
      "valence_val_confusion": [
        [
          7,
          0,
          49
        ],
        [
          0,
          0,
          20
        ],
        [
          2,
          0,
          18
        ]
      ],
      "arousal_val_confusion": [
        [
          6,
          0,
          33
        ],
        [
          0,
          0,
          20
        ],
        [
          1,
          0,
          36
        ]
      ]
    },
    {
      "epoch": 4,
      "train_loss": 1.010660928984483,
      "val_loss": 2.0079723795255027,
      "learning_rate": 0.0001,
      "valence_train_acc": 0.3272569452722867,
      "valence_val_acc": 0.5,
      "arousal_train_acc": 0.4609375,
      "arousal_val_acc": 0.4791666666666667,
      "valence_val_confusion": [
        [
          43,
          0,
          13
        ],
        [
          18,
          0,
          2
        ],
        [
          15,
          0,
          5
        ]
      ],
      "arousal_val_confusion": [
        [
          19,
          0,
          20
        ],
        [
          0,
          0,
          20
        ],
        [
          10,
          0,
          27
        ]
      ]
    },
    {
      "epoch": 5,
      "train_loss": 0.8529454444845518,
      "val_loss": 1.787261168162028,
      "learning_rate": 0.0001,
      "valence_train_acc": 0.3315972226361434,
      "valence_val_acc": 0.4895833333333333,
      "arousal_train_acc": 0.55121527860562,
      "arousal_val_acc": 0.7291666666666666,
      "valence_val_confusion": [
        [
          38,
          0,
          18
        ],
        [
          20,
          0,
          0
        ],
        [
          11,
          0,
          9
        ]
      ],
      "arousal_val_confusion": [
        [
          22,
          1,
          16
        ],
        [
          0,
          17,
          3
        ],
        [
          4,
          2,
          31
        ]
      ]
    },
    {
      "epoch": 6,
      "train_loss": 0.6253270047406355,
      "val_loss": 1.6638630628585815,
      "learning_rate": 0.0001,
      "valence_train_acc": 0.5321180572112402,
      "valence_val_acc": 0.5833333333333334,
      "arousal_train_acc": 0.7361111119389534,
      "arousal_val_acc": 0.7604166666666666,
      "valence_val_confusion": [
        [
          56,
          0,
          0
        ],
        [
          20,
          0,
          0
        ],
        [
          20,
          0,
          0
        ]
      ],
      "arousal_val_confusion": [
        [
          33,
          1,
          5
        ],
        [
          0,
          20,
          0
        ],
        [
          15,
          2,
          20
        ]
      ]
    },
    {
      "epoch": 7,
      "train_loss": 0.48286503925919533,
      "val_loss": 1.6511909365653992,
      "learning_rate": 0.0001,
      "valence_train_acc": 0.4774305572112401,
      "valence_val_acc": 0.5729166666666666,
      "arousal_train_acc": 0.7673611119389534,
      "arousal_val_acc": 0.78125,
      "valence_val_confusion": [
        [
          55,
          0,
          1
        ],
        [
          20,
          0,
          0
        ],
        [
          20,
          0,
          0
        ]
      ],
      "arousal_val_confusion": [
        [
          23,
          2,
          14
        ],
        [
          0,
          20,
          0
        ],
        [
          3,
          2,
          32
        ]
      ]
    },
    {
      "epoch": 8,
      "train_loss": 0.46884647384285927,
      "val_loss": 1.6440641283988953,
      "learning_rate": 0.0001,
      "valence_train_acc": 0.5642361119389534,
      "valence_val_acc": 0.5833333333333334,
      "arousal_train_acc": 0.7604166666666666,
      "arousal_val_acc": 0.78125,
      "valence_val_confusion": [
        [
          56,
          0,
          0
        ],
        [
          20,
          0,
          0
        ],
        [
          20,
          0,
          0
        ]
      ],
      "arousal_val_confusion": [
        [
          21,
          2,
          16
        ],
        [
          0,
          20,
          0
        ],
        [
          1,
          2,
          34
        ]
      ]
    },
    {
      "epoch": 9,
      "train_loss": 0.4406618612507979,
      "val_loss": 1.6206225951512654,
      "learning_rate": 0.0001,
      "valence_train_acc": 0.4921875,
      "valence_val_acc": 0.5625,
      "arousal_train_acc": 0.8272569452722868,
      "arousal_val_acc": 0.8020833333333334,
      "valence_val_confusion": [
        [
          52,
          0,
          4
        ],
        [
          0,
          0,
          20
        ],
        [
          18,
          0,
          2
        ]
      ],
      "arousal_val_confusion": [
        [
          23,
          2,
          14
        ],
        [
          0,
          20,
          0
        ],
        [
          1,
          2,
          34
        ]
      ]
    },
    {
      "epoch": 10,
      "train_loss": 0.37648734264075756,
      "val_loss": 1.697468916575114,
      "learning_rate": 0.0001,
      "valence_train_acc": 0.5425347238779068,