{
  "fold": 3,
  "train_time": 496.8567318916321,
  "best_state_acc": 0.7894736842105263,
  "best_epoch": 19,
  "state_class_metrics": {
    "precision": [
      0.7142857142857143,
      0.95,
      0.5,
      0.8888888888888888
    ],
    "recall": [
      0.9210526315789473,
      1.0,
      0.21052631578947367,
      0.8421052631578947
    ],
    "f1-score": [
      0.8045977011494253,
      0.9743589743589743,
      0.2962962962962963,
      0.8648648648648649
    ],
    "support": [
      38,
      19,
      19,
      19
    ],
    "macro_avg": {
      "precision": 0.7632936507936507,
      "recall": 0.743421052631579,
      "f1-score": 0.7350294591673903,
      "support": 95
    }
  },
  "epochs": [
    {
      "epoch": 0,
      "train_loss": 1.3872567961613338,
      "val_loss": 1.3400748742254156,
      "learning_rate": 0.0001,
      "state_train_acc": 0.3735977566490571,
      "state_val_acc": 0.4,
      "state_val_confusion": [
        [
          38,
          0,
          0,
          0
        ],
        [
          19,
          0,
          0,
          0
        ],
        [
          19,
          0,
          0,
          0
        ],
        [
          19,
          0,
          0,
          0
        ]
      ]
    },
    {
      "epoch": 1,
      "train_loss": 1.3554906994104385,
      "val_loss": 1.3598122446160568,
      "learning_rate": 0.0001,
      "state_train_acc": 0.3733974372347196,
      "state_val_acc": 0.4,
      "state_val_confusion": [
        [
          38,
          0,
          0,
          0
        ],
        [
          19,
          0,
          0,
          0
        ],
        [
          19,
          0,
          0,
          0
        ],
        [
          19,
          0,
          0,
          0
        ]
      ]
    },
    {
      "epoch": 2,
      "train_loss": 1.378064140677452,
      "val_loss": 1.361110482717815,
      "learning_rate": 0.0001,
      "state_train_acc": 0.38381410390138626,
      "state_val_acc": 0.4,
      "state_val_confusion": [
        [
          38,
          0,
          0,
          0
        ],
        [
          19,
          0,
          0,
          0
        ],
        [
          19,
          0,
          0,
          0
        ],
        [
          19,
          0,
          0,
          0
        ]
      ]
    },
    {
      "epoch": 3,
      "train_loss": 1.3264236996571224,
      "val_loss": 1.3231679414447985,
      "learning_rate": 0.0001,
      "state_train_acc": 0.4162660265962283,
      "state_val_acc": 0.4,
      "state_val_confusion": [
        [
          38,
          0,
          0,
          0
        ],
        [
          19,
          0,
          0,
          0
        ],
        [
          19,
          0,
          0,
          0
        ],
        [
          19,
          0,
          0,
          0
        ]
      ]
    },
    {
      "epoch": 4,
      "train_loss": 1.3094021131594975,
      "val_loss": 1.2775150349265652,
      "learning_rate": 0.0001,
      "state_train_acc": 0.3904246799647808,
      "state_val_acc": 0.4,
      "state_val_confusion": [
        [
          38,
          0,
          0,
          0
        ],
        [
          19,
          0,
          0,
          0
        ],
        [
          19,
          0,
          0,
          0
        ],
        [
          19,
          0,
          0,
          0
        ]
      ]
    },
    {
      "epoch": 5,
      "train_loss": 1.1280880595246952,
      "val_loss": 0.9657344077762805,
      "learning_rate": 0.0001,
      "state_train_acc": 0.4833733985821406,
      "state_val_acc": 0.5684210526315789,
      "state_val_confusion": [
        [
          34,
          1,
          0,
          3
        ],
        [
          11,
          8,
          0,
          0
        ],
        [
          16,
          0,
          0,
          3
        ],
        [
          7,
          0,
          0,
          12
        ]
      ]
    },
    {
      "epoch": 6,
      "train_loss": 0.8018663773934046,
      "val_loss": 0.7182895792158026,
      "learning_rate": 0.0001,
      "state_train_acc": 0.6903044879436493,
      "state_val_acc": 0.7052631578947368,
      "state_val_confusion": [
        [
          33,
          2,
          0,
          3
        ],
        [
          0,
          19,
          0,
          0
        ],
        [
          14,
          0,
          0,
          5
        ],
        [
          4,
          0,
          0,
          15
        ]
      ]
    },
    {
      "epoch": 7,
      "train_loss": 0.6758760288357735,
      "val_loss": 0.6983759440873799,
      "learning_rate": 0.0001,
      "state_train_acc": 0.7071314106384913,
      "state_val_acc": 0.7368421052631579,
      "state_val_confusion": [
        [
          35,
          1,
          0,
          2
        ],
        [
          0,
          19,
          0,
          0
        ],
        [
          15,
          0,
          0,
          4
        ],
        [
          3,
          0,
          0,
          16
        ]
      ]
    },
    {
      "epoch": 8,
      "train_loss": 0.6468402234216531,
      "val_loss": 0.6245633470384698,
      "learning_rate": 0.0001,
      "state_train_acc": 0.6915064106384913,
      "state_val_acc": 0.7368421052631579,
      "state_val_confusion": [
        [
          36,
          2,
          0,
          0
        ],
        [
          0,
          19,
          0,
          0
        ],
        [
          15,
          0,
          3,
          1
        ],
        [
          4,
          0,
          3,
          12
        ]
      ]
    },
    {
      "epoch": 9,
      "train_loss": 0.5904464963823557,
      "val_loss": 0.6789326303883603,
      "learning_rate": 1e-05,
      "state_train_acc": 0.7299679492910703,
      "state_val_acc": 0.7263157894736842,
      "state_val_confusion": [
        [
          36,
          1,
          1,
          0
        ],
        [
          0,
          19,
          0,
          0
        ],
        [
          15,
          0,
          4,
          0
        ],
        [
          3,
          0,
          6,
          10
        ]
      ]
    },
    {
      "epoch": 10,
      "train_loss": 0.5911951462427775,
      "val_loss": 0.598478755198027,
      "learning_rate": 1e-05,
      "state_train_acc": 0.7415865411361059,
      "state_val_acc": 0.7789473684210526,
      "state_val_confusion": [
        [
          33,
          1,
          4,
          0
        ],
        [
          0,
          19,
          0,
          0
        ],
        [
          12,
          0,
          5,
          2
        ],
        [
          1,
          0,
          1,
          17
        ]
      ]
    },
    {
      "epoch": 11,
      "train_loss": 0.5787419080734253,
      "val_loss": 0.6008876938568918,
      "learning_rate": 1e-05,
      "state_train_acc": 0.7261618599295616,
      "state_val_acc": 0.7473684210526316,
      "state_val_confusion": [
        [
          34,
          1,
          3,
          0
        ],
        [
          0,
          19,
          0,
          0
        ],
        [
          14,
          0,
          1,
          4
        ],
        [
          2,
          0,
          0,
          17
        ]
      ]
    },
    {
      "epoch": 12,
      "train_loss": 0.5617546749611696,
      "val_loss": 0.5964721504010653,
      "learning_rate": 1e-05,
      "state_train_acc": 0.7363782078027725,
      "state_val_acc": 0.7578947368421053,
      "state_val_confusion": [
        [
          33,
          1,
          4,
          0
        ],
        [
          0,
          19,
          0,
          0
        ],
        [
          14,
          0,
          3,
          2
        ],
        [
          2,
          0,
          0,
          17
        ]
      ]
    },
    {
      "epoch": 13,
      "train_loss": 0.5768061131238937,
      "val_loss": 0.5903104022929543,