{
  "fold": 1,
  "train_time": 491.9201776981354,
  "best_state_acc": 0.8210526315789474,
  "best_epoch": 27,
  "state_class_metrics": {
    "precision": [
      0.8157894736842105,
      0.95,
      0.5789473684210527,
      0.7777777777777778
    ],
    "recall": [
      0.8157894736842105,
      1.0,
      0.5789473684210527,
      0.7368421052631579
    ],
    "f1-score": [
      0.8157894736842105,
      0.9743589743589743,
      0.5789473684210527,
      0.7567567567567568
    ],
    "support": [
      38,
      19,
      19,
      19
    ],
    "macro_avg": {
      "precision": 0.7806286549707602,
      "recall": 0.7828947368421053,
      "f1-score": 0.7814631433052486,
      "support": 95
    }
  },
  "epochs": [
    {
      "epoch": 0,
      "train_loss": 1.379088153441747,
      "val_loss": 1.3328461458808498,
      "learning_rate": 0.0001,
      "state_train_acc": 0.36498397464553517,
      "state_val_acc": 0.4,
      "state_val_confusion": [
        [
          38,
          0,
          0,
          0
        ],
        [
          19,
          0,
          0,
          0
        ],
        [
          19,
          0,
          0,
          0
        ],
        [
          19,
          0,
          0,
          0
        ]
      ]
    },
    {
      "epoch": 1,
      "train_loss": 1.3655809164047241,
      "val_loss": 1.3333920252950568,
      "learning_rate": 0.0001,
      "state_train_acc": 0.3890224372347196,
      "state_val_acc": 0.4,
      "state_val_confusion": [
        [
          38,
          0,
          0,
          0
        ],
        [
          19,
          0,
          0,
          0
        ],
        [
          19,
          0,
          0,
          0
        ],
        [
          19,
          0,
          0,
          0
        ]
      ]
    },
    {
      "epoch": 2,
      "train_loss": 1.356596941749255,
      "val_loss": 1.3321051974045603,
      "learning_rate": 0.0001,
      "state_train_acc": 0.3974358985821406,
      "state_val_acc": 0.4,
      "state_val_confusion": [
        [
          38,
          0,
          0,
          0
        ],
        [
          19,
          0,
          0,
          0
        ],
        [
          19,
          0,
          0,
          0
        ],
        [
          19,
          0,
          0,
          0
        ]
      ]
    },
    {
      "epoch": 3,
      "train_loss": 1.3389890839656193,
      "val_loss": 1.320057843860827,
      "learning_rate": 0.0001,
      "state_train_acc": 0.3910256413122018,
      "state_val_acc": 0.4,
      "state_val_confusion": [
        [
          38,
          0,
          0,
          0
        ],
        [
          19,
          0,
          0,
          0
        ],
        [
          19,
          0,
          0,
          0
        ],
        [
          16,
          0,
          3,
          0
        ]
      ]
    },
    {
      "epoch": 4,
      "train_loss": 1.3264796733856201,
      "val_loss": 1.3000129222869874,
      "learning_rate": 0.0001,
      "state_train_acc": 0.36037660390138626,
      "state_val_acc": 0.4105263157894737,
      "state_val_confusion": [
        [
          29,
          0,
          0,
          9
        ],
        [
          16,
          0,
          0,
          3
        ],
        [
          10,
          0,
          0,
          9
        ],
        [
          9,
          0,
          0,
          10
        ]
      ]
    },
    {
      "epoch": 5,
      "train_loss": 1.2707423269748688,
      "val_loss": 1.0985379357086984,
      "learning_rate": 0.0001,
      "state_train_acc": 0.43329327056805295,
      "state_val_acc": 0.5368421052631579,
      "state_val_confusion": [
        [
          22,
          0,
          0,
          16
        ],
        [
          8,
          11,
          0,
          0
        ],
        [
          9,
          0,
          0,
          10
        ],
        [
          1,
          0,
          0,
          18
        ]
      ]
    },
    {
      "epoch": 6,
      "train_loss": 0.887028157711029,
      "val_loss": 0.7805275741376375,
      "learning_rate": 0.0001,
      "state_train_acc": 0.6422275652488073,
      "state_val_acc": 0.6210526315789474,
      "state_val_confusion": [
        [
          21,
          1,
          0,
          16
        ],
        [
          0,
          19,
          0,
          0
        ],
        [
          10,
          0,
          0,
          9
        ],
        [
          0,
          0,
          0,
          19
        ]
      ]
    },
    {
      "epoch": 7,
      "train_loss": 0.6740429115792116,
      "val_loss": 0.6173009715582195,
      "learning_rate": 0.0001,
      "state_train_acc": 0.7007211546103159,
      "state_val_acc": 0.7578947368421053,
      "state_val_confusion": [
        [
          34,
          0,
          0,
          4
        ],
        [
          0,
          19,
          0,
          0
        ],
        [
          12,
          0,
          0,
          7
        ],
        [
          0,
          0,
          0,
          19
        ]
      ]
    },
    {
      "epoch": 8,
      "train_loss": 0.6330964155495167,
      "val_loss": 0.5989992003691824,
      "learning_rate": 0.0001,
      "state_train_acc": 0.6891025652488073,
      "state_val_acc": 0.6421052631578947,
      "state_val_confusion": [
        [
          26,
          0,
          12,
          0
        ],
        [
          0,
          19,
          0,
          0
        ],
        [
          11,
          0,
          5,
          3
        ],
        [
          0,
          0,
          8,
          11
        ]
      ]
    },
    {
      "epoch": 9,
      "train_loss": 0.6255649613837401,
      "val_loss": 0.6222662812785098,
      "learning_rate": 0.0001,
      "state_train_acc": 0.686298077305158,
      "state_val_acc": 0.7157894736842105,
      "state_val_confusion": [
        [
          38,
          0,
          0,
          0
        ],
        [
          0,
          19,
          0,
          0
        ],
        [
          17,
          0,
          1,
          1
        ],
        [
          6,
          0,
          3,
          10
        ]
      ]
    },
    {
      "epoch": 10,
      "train_loss": 0.6117920763790607,
      "val_loss": 0.569408999618731,
      "learning_rate": 0.0001,
      "state_train_acc": 0.6993189106384913,
      "state_val_acc": 0.7263157894736842,
      "state_val_confusion": [
        [
          34,
          1,
          3,
          0
        ],
        [
          0,
          19,
          0,
          0
        ],
        [
          11,
          0,
          5,
          3
        ],
        [
          0,
          0,
          8,
          11
        ]
      ]
    },
    {
      "epoch": 11,
      "train_loss": 0.5804574179152647,
      "val_loss": 0.5313559519617181,
      "learning_rate": 0.0001,
      "state_train_acc": 0.7423878212769827,
      "state_val_acc": 0.7263157894736842,
      "state_val_confusion": [
        [
          36,
          0,
          2,
          0
        ],
        [
          0,
          19,
          0,
          0
        ],
        [
          13,
          0,
          3,
          3
        ],
        [
          1,
          0,
          7,
          11
        ]
      ]
    },
    {
      "epoch": 12,
      "train_loss": 0.5811400388677915,
      "val_loss": 0.5241805867144936,
      "learning_rate": 0.0001,
      "state_train_acc": 0.7493990411361059,
      "state_val_acc": 0.7894736842105263,
      "state_val_confusion": [
        [
          33,
          0,
          4,
          1
        ],
        [
          0,
          19,
          0,
          0
        ],
        [
          9,
          0,
          6,
          4
        ],
        [
          0,
          0,
          2,
          17
        ]
      ]
    },
    {
      "epoch": 13,
      "train_loss": 0.5848989846805731,