{
  "summary": {
    "valence_accuracy": {
      "mean": 0.7857123902024785,
      "std": 0.005174679189039562,
      "per_fold": [
        0.7924528301886793,
        0.779874213836478,
        0.7848101265822784
      ]
    },
    "arousal_accuracy": {
      "mean": 0.8151421065201815,
      "std": 0.02123981396897389,
      "per_fold": [
        0.8364779874213837,
        0.7861635220125787,
        0.8227848101265823
      ]
    }
  },
  "raw_data": {
    "folds": [
      {
        "fold": 0,
        "best_valence": 0.7924528301886793,
        "best_arousal": 0.8364779874213837,
        "n_epochs": 20
      },
      {
        "fold": 1,
        "best_valence": 0.779874213836478,
        "best_arousal": 0.7861635220125787,
        "n_epochs": 20
      },
      {
        "fold": 2,
        "best_valence": 0.7848101265822784,
        "best_arousal": 0.8227848101265823,
        "n_epochs": 20
      }
    ],
    "collected_accuracies": {
      "valence": [
        0.7924528301886793,
        0.779874213836478,
        0.7848101265822784
      ],
      "arousal": [
        0.8364779874213837,
        0.7861635220125787,
        0.8227848101265823
      ]
    }
  }
}