{
  "fold": 3,
  "train_time": 423.6471791267395,
  "best_state_acc": 0.7684210526315789,
  "best_epoch": 9,
  "state_class_metrics": {
    "precision": [
      0.7714285714285715,
      0.95,
      0.42105263157894735,
      0.7142857142857143
    ],
    "recall": [
      0.7105263157894737,
      1.0,
      0.42105263157894735,
      0.7894736842105263
    ],
    "f1-score": [
      0.7397260273972602,
      0.9743589743589743,
      0.42105263157894735,
      0.75
    ],
    "support": [
      38,
      19,
      19,
      19
    ],
    "macro_avg": {
      "precision": 0.7141917293233083,
      "recall": 0.730263157894737,
      "f1-score": 0.7212844083337955,
      "support": 95
    }
  },
  "epochs": [
    {
      "epoch": 0,
      "train_loss": 1.3722285479307175,
      "val_loss": 1.3619714749486822,
      "learning_rate": 0.0001,
      "state_train_acc": 0.3383413466314475,
      "state_val_acc": 0.4,
      "state_val_confusion": [
        [
          38,
          0,
          0,
          0
        ],
        [
          19,
          0,
          0,
          0
        ],
        [
          19,
          0,
          0,
          0
        ],
        [
          19,
          0,
          0,
          0
        ]
      ]
    },
    {
      "epoch": 1,
      "train_loss": 1.334112321337064,
      "val_loss": 1.3418599429883455,
      "learning_rate": 0.0001,
      "state_train_acc": 0.39222756524880725,
      "state_val_acc": 0.4,
      "state_val_confusion": [
        [
          38,
          0,
          0,
          0
        ],
        [
          19,
          0,
          0,
          0
        ],
        [
          19,
          0,
          0,
          0
        ],
        [
          19,
          0,
          0,
          0
        ]
      ]
    },
    {
      "epoch": 2,
      "train_loss": 1.3421878814697266,
      "val_loss": 1.3516170388773867,
      "learning_rate": 0.0001,
      "state_train_acc": 0.3818108985821406,
      "state_val_acc": 0.4,
      "state_val_confusion": [
        [
          38,
          0,
          0,
          0
        ],
        [
          19,
          0,
          0,
          0
        ],
        [
          19,
          0,
          0,
          0
        ],
        [
          19,
          0,
          0,
          0
        ]
      ]
    },
    {
      "epoch": 3,
      "train_loss": 1.324406122167905,
      "val_loss": 1.346906314398113,
      "learning_rate": 0.0001,
      "state_train_acc": 0.3812099372347196,
      "state_val_acc": 0.42105263157894735,
      "state_val_confusion": [
        [
          35,
          1,
          2,
          0
        ],
        [
          14,
          2,
          3,
          0
        ],
        [
          16,
          0,
          3,
          0
        ],
        [
          14,
          1,
          4,
          0
        ]
      ]
    },
    {
      "epoch": 4,
      "train_loss": 1.2764792839686077,
      "val_loss": 1.3296330815867374,
      "learning_rate": 0.0001,
      "state_train_acc": 0.4124599372347196,
      "state_val_acc": 0.37894736842105264,
      "state_val_confusion": [
        [
          24,
          14,
          0,
          0
        ],
        [
          7,
          12,
          0,
          0
        ],
        [
          15,
          4,
          0,
          0
        ],
        [
          12,
          7,
          0,
          0
        ]
      ]
    },
    {
      "epoch": 5,
      "train_loss": 1.1217146962881088,
      "val_loss": 1.0061764692005357,
      "learning_rate": 0.0001,
      "state_train_acc": 0.5170272439718246,
      "state_val_acc": 0.6210526315789474,
      "state_val_confusion": [
        [
          25,
          8,
          0,
          5
        ],
        [
          2,
          17,
          0,
          0
        ],
        [
          13,
          0,
          0,
          6
        ],
        [
          2,
          0,
          0,
          17
        ]
      ]
    },
    {
      "epoch": 6,
      "train_loss": 0.8486190314094225,
      "val_loss": 0.7930871957226804,
      "learning_rate": 0.0001,
      "state_train_acc": 0.677884615957737,
      "state_val_acc": 0.631578947368421,
      "state_val_confusion": [
        [
          24,
          12,
          0,
          2
        ],
        [
          0,
          19,
          0,
          0
        ],
        [
          13,
          0,
          0,
          6
        ],
        [
          1,
          1,
          0,
          17
        ]
      ]
    },
    {
      "epoch": 7,
      "train_loss": 0.7167568368216356,
      "val_loss": 0.7154164226431595,
      "learning_rate": 0.0001,
      "state_train_acc": 0.6897035265962282,
      "state_val_acc": 0.7157894736842105,
      "state_val_confusion": [
        [
          34,
          4,
          0,
          0
        ],
        [
          0,
          19,
          0,
          0
        ],
        [
          14,
          0,
          5,
          0
        ],
        [
          2,
          0,
          7,
          10
        ]
      ]
    },
    {
      "epoch": 8,
      "train_loss": 0.6432625452677408,
      "val_loss": 0.6190004267190632,
      "learning_rate": 0.0001,
      "state_train_acc": 0.724759615957737,
      "state_val_acc": 0.7473684210526316,
      "state_val_confusion": [
        [
          35,
          1,
          0,
          2
        ],
        [
          0,
          19,
          0,
          0
        ],
        [
          12,
          0,
          0,
          7
        ],
        [
          2,
          0,
          0,
          17
        ]
      ]
    },
    {
      "epoch": 9,
      "train_loss": 0.6178647565344969,
      "val_loss": 0.5885468162988362,
      "learning_rate": 0.0001,
      "state_train_acc": 0.7163461546103159,
      "state_val_acc": 0.7684210526315789,
      "state_val_confusion": [
        [
          35,
          1,
          2,
          0
        ],
        [
          0,
          19,
          0,
          0
        ],
        [
          14,
          0,
          2,
          3
        ],
        [
          2,
          0,
          0,
          17
        ]
      ]
    },
    {
      "epoch": 10,
      "train_loss": 0.601972009986639,
      "val_loss": 0.606679033605676,
      "learning_rate": 0.0001,
      "state_train_acc": 0.740985577305158,
      "state_val_acc": 0.7368421052631579,
      "state_val_confusion": [
        [
          30,
          1,
          7,
          0
        ],
        [
          0,
          19,
          0,
          0
        ],
        [
          11,
          0,
          5,
          3
        ],
        [
          1,
          0,
          2,
          16
        ]
      ]
    },
    {
      "epoch": 11,
      "train_loss": 0.5941690802574158,
      "val_loss": 0.5540551129140352,
      "learning_rate": 0.0001,
      "state_train_acc": 0.725360577305158,
      "state_val_acc": 0.7473684210526316,
      "state_val_confusion": [
        [
          35,
          1,
          2,
          0
        ],
        [
          0,
          19,
          0,
          0
        ],
        [
          14,
          0,
          0,
          5
        ],
        [
          2,
          0,
          0,
          17
        ]
      ]
    },
    {
      "epoch": 12,
      "train_loss": 0.5919630241890749,
      "val_loss": 0.5796286752349452,
      "learning_rate": 0.0001,
      "state_train_acc": 0.7305689106384913,
      "state_val_acc": 0.7368421052631579,
      "state_val_confusion": [
        [
          37,
          1,
          0,
          0
        ],
        [
          0,
          19,
          0,
          0
        ],
        [
          15,
          0,
          4,
          0
        ],
        [
          2,
          0,
          7,
          10
        ]
      ]
    },
    {
      "epoch": 13,
      "train_loss": 0.5536226816475391,