{
  "performance_summary": {
    "valence_accuracy": {
      "mean": 0.5966386554621849,
      "std": 0.0,
      "values": [
        0.5966386554621849,
        0.5966386554621849
      ]
    },
    "arousal_accuracy": {
      "mean": 0.4012605042016807,
      "std": 0.0021008403361344463,
      "values": [
        0.39915966386554624,
        0.40336134453781514
      ]
    }
  },
  "class_performance": {
    "valence": {
      "precision": [
        0.5966386554621849,
        0.0,
        0.0,
        0.5966386554621849,
        0.0,
        0.0
      ],
      "recall": [
        1.0,
        0.0,
        0.0,
        1.0,
        0.0,
        0.0
      ],
      "f1-score": [
        0.7473684210526316,
        0.0,
        0.0,
        0.7473684210526316,
        0.0,
        0.0
      ]
    },
    "arousal": {
      "precision": [
        0.0,
        0.0,
        0.39915966386554624,
        0.0,
        0.0,
        0.3949579831932773
      ],
      "recall": [
        0.0,
        0.0,
        1.0,
        0.0,
        0.0,
        1.0
      ],
      "f1-score": [
        0.0,
        0.0,
        0.5705705705705706,
        0.0,
        0.0,
        0.5662650602409639
      ]
    }
  },
  "training_time": {
    "total": 597.554584980011,
    "mean_per_fold": 298.7772924900055
  }
}