{
  "fold": 0,
  "train_time": 473.3706965446472,
  "best_state_acc": 0.8020833333333334,
  "best_epoch": 29,
  "state_class_metrics": {
    "precision": [
      0.7631578947368421,
      0.9090909090909091,
      0.6521739130434783,
      1.0
    ],
    "recall": [
      0.7837837837837838,
      1.0,
      0.75,
      0.6842105263157895
    ],
    "f1-score": [
      0.7733333333333333,
      0.9523809523809523,
      0.6976744186046512,
      0.8125
    ],
    "support": [
      37,
      20,
      20,
      19
    ],
    "macro_avg": {
      "precision": 0.8311056792178073,
      "recall": 0.8044985775248933,
      "f1-score": 0.8089721760797342,
      "support": 96
    }
  },
  "epochs": [
    {
      "epoch": 0,
      "train_loss": 1.3718225906292598,
      "val_loss": 1.3449982404708862,
      "learning_rate": 0.0001,
      "state_train_acc": 0.3706597226361434,
      "state_val_acc": 0.3854166666666667,
      "state_val_confusion": [
        [
          37,
          0,
          0,
          0
        ],
        [
          20,
          0,
          0,
          0
        ],
        [
          20,
          0,
          0,
          0
        ],
        [
          19,
          0,
          0,
          0
        ]
      ]
    },
    {
      "epoch": 1,
      "train_loss": 1.3455855896075566,
      "val_loss": 1.3364301125208538,
      "learning_rate": 0.0001,
      "state_train_acc": 0.3958333333333333,
      "state_val_acc": 0.3854166666666667,
      "state_val_confusion": [
        [
          37,
          0,
          0,
          0
        ],
        [
          20,
          0,
          0,
          0
        ],
        [
          20,
          0,
          0,
          0
        ],
        [
          19,
          0,
          0,
          0
        ]
      ]
    },
    {
      "epoch": 2,
      "train_loss": 1.3534882217645645,
      "val_loss": 1.3359489440917969,
      "learning_rate": 0.0001,
      "state_train_acc": 0.4019097226361434,
      "state_val_acc": 0.3854166666666667,
      "state_val_confusion": [
        [
          37,
          0,
          0,
          0
        ],
        [
          20,
          0,
          0,
          0
        ],
        [
          20,
          0,
          0,
          0
        ],
        [
          19,
          0,
          0,
          0
        ]
      ]
    },
    {
      "epoch": 3,
      "train_loss": 1.3440743535757065,
      "val_loss": 1.308129072189331,
      "learning_rate": 0.0001,
      "state_train_acc": 0.3984375,
      "state_val_acc": 0.3854166666666667,
      "state_val_confusion": [
        [
          37,
          0,
          0,
          0
        ],
        [
          20,
          0,
          0,
          0
        ],
        [
          20,
          0,
          0,
          0
        ],
        [
          19,
          0,
          0,
          0
        ]
      ]
    },
    {
      "epoch": 4,
      "train_loss": 1.2963523864746094,
      "val_loss": 1.2376590768496196,
      "learning_rate": 0.0001,
      "state_train_acc": 0.4131944452722867,
      "state_val_acc": 0.4479166666666667,
      "state_val_confusion": [
        [
          22,
          2,
          13,
          0
        ],
        [
          5,
          13,
          2,
          0
        ],
        [
          9,
          3,
          8,
          0
        ],
        [
          11,
          2,
          6,
          0
        ]
      ]
    },
    {
      "epoch": 5,
      "train_loss": 1.1347793340682983,
      "val_loss": 0.9025154213110606,
      "learning_rate": 0.0001,
      "state_train_acc": 0.5147569452722868,
      "state_val_acc": 0.6875,
      "state_val_confusion": [
        [
          34,
          2,
          0,
          1
        ],
        [
          0,
          20,
          0,
          0
        ],
        [
          18,
          0,
          0,
          2
        ],
        [
          6,
          1,
          0,
          12
        ]
      ]
    },
    {
      "epoch": 6,
      "train_loss": 0.8215116808811823,
      "val_loss": 0.7051686445871989,
      "learning_rate": 0.0001,
      "state_train_acc": 0.6848958333333334,
      "state_val_acc": 0.7083333333333334,
      "state_val_confusion": [
        [
          31,
          2,
          1,
          3
        ],
        [
          0,
          20,
          0,
          0
        ],
        [
          13,
          1,
          0,
          6
        ],
        [
          0,
          1,
          1,
          17
        ]
      ]
    },
    {
      "epoch": 7,
      "train_loss": 0.7077002028624216,
      "val_loss": 0.6692493855953217,
      "learning_rate": 0.0001,
      "state_train_acc": 0.6987847238779068,
      "state_val_acc": 0.71875,
      "state_val_confusion": [
        [
          32,
          2,
          3,
          0
        ],
        [
          0,
          20,
          0,
          0
        ],
        [
          14,
          0,
          2,
          4
        ],
        [
          1,
          1,
          2,
          15
        ]
      ]
    },
    {
      "epoch": 8,
      "train_loss": 0.6169481873512268,
      "val_loss": 0.711293637752533,
      "learning_rate": 0.0001,
      "state_train_acc": 0.69965277860562,
      "state_val_acc": 0.7291666666666666,
      "state_val_confusion": [
        [
          35,
          2,
          0,
          0
        ],
        [
          0,
          20,
          0,
          0
        ],
        [
          15,
          1,
          0,
          4
        ],
        [
          3,
          1,
          0,
          15
        ]
      ]
    },
    {
      "epoch": 9,
      "train_loss": 0.5912163369357586,
      "val_loss": 0.6902965903282166,
      "learning_rate": 0.0001,
      "state_train_acc": 0.7482638905445734,
      "state_val_acc": 0.7291666666666666,
      "state_val_confusion": [
        [
          35,
          2,
          0,
          0
        ],
        [
          0,
          20,
          0,
          0
        ],
        [
          16,
          0,
          0,
          4
        ],
        [
          3,
          1,
          0,
          15
        ]
      ]
    },
    {
      "epoch": 10,
      "train_loss": 0.6007794725398222,
      "val_loss": 0.7103524605433146,
      "learning_rate": 0.0001,
      "state_train_acc": 0.7300347238779068,
      "state_val_acc": 0.7604166666666666,
      "state_val_confusion": [
        [
          35,
          2,
          0,
          0
        ],
        [
          0,
          20,
          0,
          0
        ],
        [
          15,
          1,
          3,
          1
        ],
        [
          3,
          1,
          0,
          15
        ]
      ]
    },
    {
      "epoch": 11,
      "train_loss": 0.5768341148893038,
      "val_loss": 0.7132419596115748,
      "learning_rate": 0.0001,
      "state_train_acc": 0.7491319452722868,
      "state_val_acc": 0.75,
      "state_val_confusion": [
        [
          35,
          2,
          0,
          0
        ],
        [
          0,
          20,
          0,
          0
        ],
        [
          16,
          0,
          3,
          1
        ],
        [
          3,
          1,
          1,
          14
        ]
      ]
    },
    {
      "epoch": 12,
      "train_loss": 0.559971691419681,
      "val_loss": 0.6907979945341746,
      "learning_rate": 0.0001,
      "state_train_acc": 0.7517361119389534,
      "state_val_acc": 0.7291666666666666,
      "state_val_confusion": [
        [
          35,
          2,
          0,
          0
        ],
        [
          0,
          20,
          0,
          0
        ],
        [
          16,
          0,
          0,
          4
        ],
        [
          3,
          1,
          0,
          15
        ]
      ]
    },
    {
      "epoch": 13,
      "train_loss": 0.5596018526703119,