{
  "fold": 0,
  "best_valence_acc": 0.7924528301886793,
  "best_arousal_acc": 0.8364779874213837,
  "best_epoch": 16,
  "train_time": 2966.251998901367,
  "valence_class_metrics": {
    "0": {
      "precision": 0.7419354838709677,
      "recall": 0.968421052631579,
      "f1-score": 0.8401826484018264,
      "support": 95
    },
    "1": {
      "precision": 0.9142857142857143,
      "recall": 1.0,
      "f1-score": 0.9552238805970149,
      "support": 32
    },
    "2": {
      "precision": 0.0,
      "recall": 0.0,
      "f1-score": 0.0,
      "support": 32
    },
    "macro avg": {
      "precision": 0.552073732718894,
      "recall": 0.6561403508771929,
      "f1-score": 0.5984688429996138,
      "support": 159
    },
    "weighted avg": {
      "precision": 0.6273019737414137,
      "recall": 0.779874213836478,
      "f1-score": 0.6942422375929433,
      "support": 159
    }
  },
  "arousal_class_metrics": {
    "0": {
      "precision": 0.6794871794871795,
      "recall": 0.828125,
      "f1-score": 0.7464788732394366,
      "support": 64
    },
    "1": {
      "precision": 0.9142857142857143,
      "recall": 1.0,
      "f1-score": 0.9552238805970149,
      "support": 32
    },
    "2": {
      "precision": 0.7608695652173914,
      "recall": 0.5555555555555556,
      "f1-score": 0.6422018348623854,
      "support": 63
    },
    "macro avg": {
      "precision": 0.7848808196634284,
      "recall": 0.7945601851851851,
      "f1-score": 0.781301529566279,
      "support": 159
    },
    "weighted avg": {
      "precision": 0.758988081465522,
      "recall": 0.7547169811320755,
      "f1-score": 0.7471731299544572,
      "support": 159
    }
  },
  "epochs": [
    {
      "epoch": 0,
      "train_loss": 2.09306480884552,
      "val_loss": 2.038071182538878,
      "valence_train_acc": 0.5974137902259826,
      "valence_val_acc": 0.5974842767295597,
      "arousal_train_acc": 0.39698275923728943,
      "arousal_val_acc": 0.4025157232704403,
      "learning_rate": 0.0001,
      "valence_val_confusion": [
        [
          95,
          0,
          0
        ],
        [
          32,
          0,
          0
        ],
        [
          32,
          0,
          0
        ]
      ],
      "arousal_val_confusion": [
        [
          64,
          0,
          0
        ],
        [
          32,
          0,
          0
        ],
        [
          63,
          0,
          0
        ]
      ]
    },
    {
      "epoch": 1,
      "train_loss": 2.036920928955078,
      "val_loss": 2.0369598970473186,
      "valence_train_acc": 0.5961206912994385,
      "valence_val_acc": 0.5974842767295597,
      "arousal_train_acc": 0.3869612067937851,
      "arousal_val_acc": 0.39622641509433965,
      "learning_rate": 0.0001,
      "valence_val_confusion": [
        [
          95,
          0,
          0
        ],
        [
          32,
          0,
          0
        ],
        [
          32,
          0,
          0
        ]
      ],
      "arousal_val_confusion": [
        [
          0,
          0,
          64
        ],
        [
          0,
          0,
          32
        ],
        [
          0,
          0,
          63
        ]
      ]
    },
    {
      "epoch": 2,
      "train_loss": 2.0240806221961973,
      "val_loss": 2.0140765567995467,
      "valence_train_acc": 0.5957974135875702,
      "valence_val_acc": 0.5974842767295597,
      "arousal_train_acc": 0.38728448152542116,
      "arousal_val_acc": 0.4025157232704403,
      "learning_rate": 0.0001,
      "valence_val_confusion": [
        [
          95,
          0,
          0
        ],
        [
          32,
          0,
          0
        ],
        [
          32,
          0,
          0
        ]
      ],
      "arousal_val_confusion": [
        [
          64,
          0,
          0
        ],
        [
          32,
          0,
          0
        ],
        [
          63,
          0,
          0
        ]
      ]
    },
    {
      "epoch": 3,
      "train_loss": 2.0026630401611327,
      "val_loss": 2.0135817557760753,
      "valence_train_acc": 0.5954741358757019,
      "valence_val_acc": 0.5974842767295597,
      "arousal_train_acc": 0.4150862067937851,
      "arousal_val_acc": 0.39622641509433965,
      "learning_rate": 0.0001,
      "valence_val_confusion": [
        [
          95,
          0,
          0
        ],
        [
          32,
          0,
          0
        ],
        [
          32,
          0,
          0
        ]
      ],
      "arousal_val_confusion": [
        [
          0,
          0,
          64
        ],
        [
          0,
          0,
          32
        ],
        [
          0,
          0,
          63
        ]
      ]
    },
    {
      "epoch": 4,
      "train_loss": 2.01732519865036,
      "val_loss": 1.9935656583534096,
      "valence_train_acc": 0.5923491358757019,
      "valence_val_acc": 0.5974842767295597,
      "arousal_train_acc": 0.39040948152542115,
      "arousal_val_acc": 0.42138364779874216,
      "learning_rate": 0.0001,
      "valence_val_confusion": [
        [
          95,
          0,
          0
        ],
        [
          32,
          0,
          0
        ],
        [
          32,
          0,
          0
        ]
      ],
      "arousal_val_confusion": [
        [
          56,
          0,
          8
        ],
        [
          30,
          0,
          2
        ],
        [
          52,
          0,
          11
        ]
      ]
    },
    {
      "epoch": 5,
      "train_loss": 1.9943012237548827,
      "val_loss": 1.9897955918462022,
      "valence_train_acc": 0.5954741358757019,
      "valence_val_acc": 0.5974842767295597,
      "arousal_train_acc": 0.4354525864124298,
      "arousal_val_acc": 0.4591194968553459,
      "learning_rate": 0.0001,
      "valence_val_confusion": [
        [
          95,
          0,
          0
        ],
        [
          32,
          0,
          0
        ],
        [
          32,
          0,
          0
        ]
      ],
      "arousal_val_confusion": [
        [
          43,
          0,
          21
        ],
        [
          18,
          0,
          14
        ],
        [
          33,
          0,
          30
        ]
      ]
    },
    {
      "epoch": 6,
      "train_loss": 1.9838080883026123,
      "val_loss": 1.990778755092021,
      "valence_train_acc": 0.5933189630508423,
      "valence_val_acc": 0.5974842767295597,
      "arousal_train_acc": 0.42510775923728944,
      "arousal_val_acc": 0.4339622641509434,
      "learning_rate": 0.0001,
      "valence_val_confusion": [
        [
          95,
          0,
          0
        ],
        [
          32,
          0,
          0
        ],
        [
          32,
          0,
          0
        ]
      ],
      "arousal_val_confusion": [
        [
          55,
          0,
          9
        ],
        [
          30,
          0,
          2
        ],
        [
          49,
          0,
          14
        ]
      ]
    },
    {
      "epoch": 7,
      "train_loss": 1.9632643938064576,
      "val_loss": 2.015950823729893,
      "valence_train_acc": 0.5992456912994385,
      "valence_val_acc": 0.5974842767295597,
      "arousal_train_acc": 0.43265086114406587,
      "arousal_val_acc": 0.4339622641509434,
      "learning_rate": 0.0001,
      "valence_val_confusion": [
        [
          95,
          0,
          0
        ],
        [
          32,
          0,
          0
        ],
        [
          32,
          0,
          0
        ]
      ],
      "arousal_val_confusion": [
        [
          21,
          0,
          43
        ],
        [
          13,
          0,
          19
        ],
        [
          15,
          0,
          48
        ]
      ]
    },
    {
      "epoch": 8,
      "train_loss": 1.9287266731262207,
      "val_loss": 1.9771223877960782,
      "valence_train_acc": 0.5989224135875701,